	word/verb	die/pron	produceer/verb	vier/num	als/prep	zoals/comp	per/prep	hard/adj	hoogwaardig/adj	46/num	blijk/verb	hoeveelheid/noun	aangekocht/adj	Waals/adj	allerlei/det	genomen/adj	bedek/verb	verdacht/adj	enkel/det	waarin/pp	chirurgisch/adj	representatief/adj	naar/prep	puur/adj	hoop/noun	stuk/noun	uit/prep	klein/adj	magnetisch/adj	nieuw/adj	met/adv	die/det	lichtgewicht/adj	neem/verb	lading/noun	afdeling/noun	stel_vrij/verb	ton/noun	acht/num	importeer/verb	roest_vrij/adj	vloeibaar/adj	in/prep	berg/noun	pak/noun	Japan/det	positief/adj	het/det	waardoor/pp	ben/verb	buitenlands/adj	boven_haal/verb	met/prep	ruw/adj	verschil/adj	kilo/noun	goedkoop/adj	op/prep	door/prep	val_samen/verb	maak/verb	gebruikelijk/adj	ge√Ømporteerd/adj	verroest/adj	zacht/adj	licht/adj	boven/prep	ambachtelijk/adj	gemanipuleerd/adj	dat/pron	dik/adj	minder/det	alle/det	voor/prep	analyseer/verb	van/prep	zuiver/adj	deel_uit/verb	krijg_binnen/verb	doorboor/verb	plat/adj	zoals/prep	verwrongen/adj	waar/adv	rond/adj	eis/verb	gepantserd/adj	verbrand/adj	een/det	waarvan/pp	gelakt/adj	slinger_rond/adj	minder/adj	meer/det	onderzoek/verb	elk/det
word/verb	0.0	0.6263999	0.8213336	0.76572293	0.79210246	0.79748386	0.7995915	0.8422915	0.8086884	0.90391856	0.81973696	0.7440007	0.79513323	0.8034512	0.71739507	0.74724364	0.87002194	0.7050608	0.7283149	0.77663213	0.77740145	0.8374893	0.8380522	0.8779129	0.86592656	0.7991804	0.8415977	0.85476315	0.8301626	0.7682767	0.8152544	0.67323864	0.88880825	0.90630066	0.75152284	0.8236276	0.84460807	0.76020974	0.7659431	0.8255103	0.8660995	0.7924141	0.8209984	0.83577645	0.86265624	0.88307613	0.8377245	0.7595873	0.6414044	0.78382576	0.7978389	0.86252874	0.7955079	0.7693354	0.73032284	0.8128176	0.8160043	0.8272821	0.5541385	0.8635398	0.8589865	0.7939162	0.82448304	0.87323034	0.8591366	0.82729596	0.8893237	0.8304375	0.7732239	0.70752525	0.88841736	0.79814285	0.7079221	0.78807044	0.75938255	0.8435104	0.8319205	0.872359	0.8276095	0.8681069	0.84380746	0.8187084	0.86120164	0.8008522	0.88360786	0.8311912	0.81689656	0.7939831	0.76913685	0.7813262	0.9369831	0.88369143	0.8222837	0.8314216	0.78677833	0.7524024
die/pron	0.6263999	0.0	0.7132403	0.71387076	0.54215145	0.5951832	0.8083674	0.819525	0.72094375	0.86475456	0.7643496	0.73858047	0.7966129	0.74910396	0.53652686	0.7214466	0.79915965	0.654068	0.62519956	0.5639103	0.78210187	0.7138516	0.8396261	0.75362045	0.7966479	0.8233672	0.68874156	0.7225794	0.7615667	0.7104266	0.66799915	0.5407835	0.839302	0.8628708	0.725368	0.80655736	0.7532319	0.79904777	0.73021054	0.71679413	0.84953433	0.7758725	0.76767695	0.7668291	0.7781824	0.8262776	0.82321227	0.8715158	0.6468321	0.7273804	0.63430035	0.79642105	0.67684984	0.7505013	0.5640318	0.80519104	0.74661505	0.83036965	0.543795	0.7818165	0.81359595	0.6949653	0.77470624	0.8528412	0.8075536	0.80272055	0.8243195	0.74597347	0.74960375	0.6203908	0.8045205	0.671998	0.58447224	0.6950052	0.69979954	0.6741097	0.7203655	0.78587043	0.74079293	0.81889904	0.7847545	0.52127683	0.7763365	0.66419315	0.82066244	0.7440634	0.7889285	0.77445877	0.5712129	0.6195604	0.8660083	0.8617604	0.76828885	0.6534993	0.7336316	0.6740404
produceer/verb	0.8213336	0.7132403	0.0	0.84625256	0.83575904	0.70535505	0.7424537	0.8874024	0.6331658	0.90921396	0.825747	0.5015074	0.7373538	0.8618782	0.72088516	0.7710783	0.7683953	0.8129355	0.84296906	0.7707717	0.8442216	0.8540423	0.89239883	0.8091782	0.8974932	0.7368064	0.78187424	0.72222424	0.7857012	0.76903796	0.83199155	0.8092381	0.81172633	0.92228633	0.6689074	0.82979023	0.86812115	0.60068333	0.86500335	0.51894623	0.73044235	0.583537	0.852561	0.81500757	0.80703545	0.86548585	0.914136	0.8224235	0.65169156	0.85943884	0.84737074	0.7874399	0.74519587	0.6854664	0.74848443	0.63399816	0.57146245	0.85017204	0.81749403	0.87577957	0.7787211	0.8096809	0.6514214	0.79826593	0.73709476	0.7562032	0.8120861	0.70770884	0.6603059	0.6872453	0.77135235	0.65444255	0.78608423	0.8024785	0.7709455	0.7896918	0.7060013	0.81644547	0.7170053	0.8388266	0.75597775	0.6339034	0.846754	0.80290806	0.83509606	0.9124139	0.8614426	0.7736048	0.7397709	0.6621634	0.8326771	0.83203757	0.7127949	0.7422626	0.8063414	0.80621976
vier/num	0.76572293	0.71387076	0.84625256	0.0	0.822721	0.89742833	0.67690945	0.90558064	0.8940713	0.6965085	0.8870824	0.83788335	0.8452784	0.8318348	0.8779806	0.84352636	0.8510794	0.76405096	0.6094141	0.80510336	0.88815963	0.87437356	0.85481274	0.92162234	0.91812545	0.85998476	0.7704829	0.7895942	0.8886153	0.8632521	0.8857592	0.8468974	0.86615825	0.9003105	0.81396097	0.8576159	0.853653	0.80516607	0.19007778	0.85843533	0.88427746	0.8478544	0.74676883	0.841557	0.8256389	0.9009147	0.9237244	0.8671351	0.7820376	0.88230515	0.8594847	0.84295243	0.75012714	0.8562295	0.7226519	0.76272047	0.8778103	0.77419657	0.7848033	0.8807938	0.9409795	0.83003193	0.88502306	0.85470676	0.9070703	0.8374974	0.8067164	0.9037401	0.90818995	0.8177478	0.82390624	0.79528105	0.754452	0.77452564	0.8796331	0.78175044	0.8931911	0.8170488	0.8330855	0.8352535	0.8463018	0.8469354	0.9010628	0.79511523	0.8191392	0.8021101	0.8074832	0.8372566	0.6894171	0.6706917	0.9131767	0.8960776	0.82902586	0.790895	0.8577739	0.6928372
als/prep	0.79210246	0.54215145	0.83575904	0.822721	0.0	0.61313236	0.9277799	0.8719386	0.78976655	0.8951177	0.872667	0.88882244	0.8540529	0.7665985	0.7213024	0.82569027	0.86800385	0.8155518	0.7904687	0.7015523	0.8780398	0.76274526	0.89539087	0.76052856	0.8646241	0.83736855	0.79497755	0.82028526	0.8756679	0.7787665	0.740033	0.7834471	0.87404	0.894414	0.85516036	0.83536255	0.8259556	0.9133464	0.82796943	0.8222891	0.9068875	0.8715342	0.8589909	0.8698051	0.8491403	0.8461127	0.85091096	0.8262249	0.8352373	0.7197482	0.73331535	0.8505461	0.8059115	0.8366941	0.7393446	0.90455407	0.8413631	0.8997897	0.75293267	0.8203025	0.84330165	0.76785624	0.854199	0.9002615	0.85392815	0.8843958	0.89019895	0.7979305	0.83357906	0.74974006	0.8760315	0.8279407	0.7516167	0.71123046	0.78183496	0.71392095	0.74246323	0.8388132	0.8668633	0.89115167	0.8384316	0.5938672	0.83850056	0.79197305	0.86977315	0.84176886	0.8940176	0.905123	0.65703106	0.7818227	0.9075344	0.9389706	0.8213017	0.8426528	0.8463268	0.77845824
zoals/comp	0.79748386	0.5951832	0.70535505	0.89742833	0.61313236	0.0	0.8908437	0.8569262	0.6915319	0.9448695	0.8389741	0.7535619	0.815521	0.82219326	0.54763865	0.7951939	0.8387579	0.8147069	0.7791373	0.6237508	0.7959858	0.7584268	0.9001532	0.71220887	0.8827858	0.77732956	0.774843	0.7638378	0.79933065	0.7519001	0.72095186	0.74225414	0.8691067	0.91601956	0.7878799	0.7901652	0.81722075	0.8508334	0.9144102	0.73327243	0.8522129	0.7980198	0.81878644	0.8539095	0.8506621	0.85191476	0.87162745	0.7806963	0.74635243	0.7682332	0.7991514	0.84755063	0.7805718	0.7891758	0.6494522	0.8485728	0.7238813	0.8945721	0.78571606	0.7710645	0.8287035	0.7139634	0.7807857	0.8852739	0.7722626	0.8241053	0.8787529	0.70459986	0.7456883	0.689187	0.8596278	0.7216442	0.69117165	0.7470193	0.7342669	0.74816203	0.6826598	0.8595831	0.81477565	0.8860838	0.784773	0.33357257	0.83481854	0.7729778	0.8405242	0.8632534	0.88971883	0.8616774	0.6983135	0.70613754	0.8642595	0.88323605	0.7351594	0.771977	0.7753651	0.7528912
per/prep	0.7995915	0.8083674	0.7424537	0.67690945	0.9277799	0.8908437	0.0	0.91496134	0.85515255	0.71213555	0.8885109	0.70295227	0.8068199	0.9078658	0.85782635	0.8314836	0.89480937	0.81347585	0.7464234	0.8649451	0.9121927	0.90024245	0.8284574	0.9006742	0.9412223	0.8540932	0.8650015	0.8094236	0.89526737	0.8603789	0.88535917	0.8292471	0.8933177	0.89950025	0.79728013	0.90691817	0.78272	0.6087902	0.65162563	0.7906199	0.87976235	0.77727425	0.87606806	0.8661676	0.835149	0.9162263	0.9227073	0.86102736	0.73934543	0.9261169	0.85803616	0.8512903	0.7976023	0.7934238	0.8199699	0.6574128	0.6841219	0.81479114	0.8809953	0.9079134	0.9257222	0.83066887	0.8080646	0.8820805	0.9057369	0.8359784	0.7562781	0.90056646	0.895322	0.84060466	0.8426392	0.59776455	0.79729706	0.7745957	0.89088583	0.8118738	0.86647683	0.8178613	0.7145276	0.91127634	0.8600966	0.845541	0.9247778	0.8439102	0.87127274	0.87418693	0.83056617	0.86524975	0.76443326	0.74643683	0.92404884	0.8634018	0.7004419	0.6750498	0.91009295	0.6431899
hard/adj	0.8422915	0.819525	0.8874024	0.90558064	0.8719386	0.8569262	0.91496134	0.0	0.8903609	0.9440961	0.8880478	0.87929475	0.93125325	0.87106013	0.84247744	0.87001336	0.8544248	0.90151906	0.84582496	0.86185205	0.8956749	0.9174127	0.88951397	0.84187865	0.9049843	0.8531269	0.86596394	0.8838786	0.87749696	0.8907421	0.84040785	0.7913717	0.9080658	0.919724	0.88869095	0.93882054	0.89729095	0.9086753	0.90109044	0.8913896	0.86741656	0.8802226	0.89227617	0.85188866	0.86993086	0.91880995	0.84860414	0.86050093	0.7818516	0.8469736	0.9148734	0.8783463	0.8097912	0.7700008	0.89154255	0.8899659	0.8953835	0.84556067	0.801546	0.89268136	0.89025325	0.85949093	0.907665	0.9075127	0.7436938	0.8190733	0.8717349	0.8806288	0.90134543	0.8936751	0.83615	0.8498635	0.873781	0.86930203	0.8668078	0.8670298	0.8006047	0.85085696	0.9020647	0.8951634	0.7751372	0.84661514	0.8723257	0.8798066	0.82370734	0.8797437	0.9019267	0.8746191	0.81297904	0.9137879	0.92427063	0.92494655	0.81351346	0.8514719	0.91107833	0.8346666
hoogwaardig/adj	0.8086884	0.72094375	0.6331658	0.8940713	0.78976655	0.6915319	0.85515255	0.8903609	0.0	0.9443622	0.8564042	0.7120912	0.74434185	0.8530092	0.68244755	0.81595993	0.8615175	0.8709793	0.84472966	0.76602924	0.79867905	0.79617655	0.87702817	0.7797005	0.8927914	0.78114074	0.8228127	0.804403	0.79856586	0.71366763	0.7448077	0.7841802	0.78859067	0.9100885	0.7792083	0.73521346	0.8273169	0.7690102	0.89410704	0.71147525	0.74204475	0.73140347	0.8258558	0.86211646	0.8374194	0.8238081	0.87937945	0.8037041	0.6996362	0.80990136	0.7800077	0.8627515	0.79570574	0.7387811	0.72453415	0.80274796	0.6242012	0.8549114	0.82118094	0.8316193	0.808075	0.78366256	0.76800436	0.88031316	0.8043528	0.8408115	0.8854768	0.6544297	0.7520795	0.7037544	0.8626689	0.7202755	0.7478484	0.7168517	0.77627337	0.7324699	0.70612895	0.88912946	0.81536573	0.9023739	0.80160815	0.6082988	0.8682768	0.82096237	0.8723328	0.88501215	0.86404824	0.8618984	0.74069536	0.74759823	0.85524464	0.8984318	0.768762	0.73985916	0.8299545	0.8247361
46/num	0.90391856	0.86475456	0.90921396	0.6965085	0.8951177	0.9448695	0.71213555	0.9440961	0.9443622	0.0	0.9029505	0.89845955	0.9186876	0.9121226	0.9353708	0.89109033	0.9378499	0.9059405	0.86474484	0.9198375	0.9333137	0.8884358	0.9231737	0.94279516	0.96114826	0.90794975	0.91040075	0.9151079	0.93842256	0.9357892	0.91647196	0.9287954	0.9451248	0.9395832	0.9298854	0.93082	0.91232735	0.85140353	0.6519456	0.90056854	0.9459299	0.9220817	0.9056063	0.9320776	0.90016836	0.9439092	0.937996	0.9109304	0.8684174	0.93316305	0.92333245	0.9215597	0.86919594	0.90341747	0.9141712	0.8594066	0.89976686	0.8840517	0.8973941	0.92485094	0.9625698	0.9056599	0.93134785	0.9486621	0.94764674	0.8657241	0.8439082	0.95108277	0.9205942	0.9138046	0.8802321	0.7997583	0.86906374	0.9000475	0.90568084	0.8460019	0.89997274	0.89916575	0.8860322	0.9453509	0.94046676	0.913955	0.9619055	0.9324491	0.9370635	0.9081882	0.9355228	0.9364156	0.86191183	0.82606065	0.9406939	0.9777051	0.8480081	0.8221653	0.93902695	0.8695303
blijk/verb	0.81973696	0.7643496	0.825747	0.8870824	0.872667	0.8389741	0.8885109	0.8880478	0.8564042	0.9029505	0.0	0.7544013	0.884574	0.89492893	0.7509266	0.73310065	0.9118353	0.7795672	0.8011669	0.7930669	0.8513957	0.75018424	0.8994555	0.8334125	0.8600352	0.8458419	0.74536026	0.8631321	0.82496107	0.87847686	0.7974288	0.73263943	0.9299511	0.8841503	0.79304063	0.89785343	0.9119114	0.8827082	0.8874483	0.8489554	0.9425478	0.86595637	0.85485196	0.9048705	0.90430695	0.91194916	0.80512124	0.81289417	0.73383284	0.627846	0.8664042	0.8521137	0.827525	0.8491846	0.81612587	0.8613652	0.86263657	0.89676416	0.8166691	0.82439065	0.7882379	0.8001331	0.8737433	0.911371	0.90908694	0.8520556	0.9144924	0.8771606	0.79652464	0.79729164	0.8878148	0.8043249	0.7709293	0.8172441	0.71358347	0.7672174	0.8298642	0.88766205	0.77926594	0.89794487	0.9027594	0.78777885	0.89633495	0.9102558	0.9180536	0.873593	0.9197241	0.87978554	0.7100595	0.78311414	0.95603496	0.91340446	0.7863016	0.8212573	0.67703426	0.8426144
hoeveelheid/noun	0.7440007	0.73858047	0.5015074	0.83788335	0.88882244	0.7535619	0.70295227	0.87929475	0.7120912	0.89845955	0.7544013	0.0	0.7858351	0.89263994	0.6982994	0.7022858	0.7551182	0.7260066	0.79584056	0.8048773	0.8469383	0.87191486	0.89113635	0.8165204	0.8552395	0.729547	0.7803575	0.7545514	0.7412368	0.83814657	0.81555283	0.75339955	0.8423904	0.877127	0.5123666	0.8680129	0.8691037	0.46583354	0.8415029	0.61170095	0.80444324	0.511487	0.8349426	0.73203754	0.7541224	0.8750323	0.8900101	0.81839484	0.5898647	0.80070865	0.84373075	0.75460654	0.7221034	0.6704125	0.76000106	0.47600728	0.64545405	0.8630776	0.7731789	0.86833465	0.8510466	0.79541117	0.6543832	0.7904787	0.7314211	0.73108494	0.8082308	0.7699788	0.70420885	0.7278468	0.75880474	0.6175659	0.7604641	0.8086722	0.755828	0.80029035	0.69592893	0.7998313	0.6858581	0.8378244	0.78205633	0.67200255	0.83556193	0.8156836	0.8593384	0.896467	0.84616	0.73448074	0.7488597	0.72393966	0.85377634	0.80083835	0.7172126	0.7016737	0.7755147	0.8047173
aangekocht/adj	0.79513323	0.7966129	0.7373538	0.8452784	0.8540529	0.815521	0.8068199	0.93125325	0.74434185	0.9186876	0.884574	0.7858351	0.0	0.8595387	0.8125063	0.8224151	0.88735366	0.85779655	0.8400937	0.8338399	0.88560516	0.84515923	0.87530774	0.8921957	0.9296368	0.78954357	0.8365767	0.8074635	0.88538957	0.7981231	0.8657319	0.83843726	0.8856558	0.9321821	0.8345532	0.85947	0.86726314	0.806397	0.8553364	0.77604026	0.85319185	0.8164102	0.84737384	0.86823636	0.8882655	0.91143227	0.91953063	0.8307557	0.7881807	0.87251145	0.8153442	0.8678733	0.8379705	0.83158696	0.78969085	0.8517145	0.7474468	0.8672157	0.8586552	0.8997711	0.8808437	0.8544158	0.8080277	0.8730825	0.8896965	0.8920921	0.88282347	0.7877382	0.8558521	0.7694159	0.9021203	0.8191199	0.82476026	0.7996657	0.84512264	0.7881779	0.854282	0.87738615	0.85869455	0.90222186	0.8470021	0.76824296	0.8996522	0.80854553	0.8774432	0.9179758	0.88631517	0.87628055	0.7830444	0.75262415	0.9096311	0.9115939	0.8623777	0.83882946	0.86827093	0.82812023
Waals/adj	0.8034512	0.74910396	0.8618782	0.8318348	0.7665985	0.82219326	0.9078658	0.87106013	0.8530092	0.9121226	0.89492893	0.89263994	0.8595387	0.0	0.8309361	0.85028106	0.8867253	0.8710494	0.7917894	0.8147094	0.921106	0.82312274	0.86105657	0.8632956	0.8697413	0.89984965	0.8295187	0.83038014	0.92178994	0.7949868	0.7406584	0.798373	0.9268458	0.90247846	0.8892662	0.8125016	0.8644226	0.89512175	0.8418308	0.87495875	0.9293032	0.89364487	0.8166895	0.8576288	0.90209955	0.85741794	0.8597431	0.8245846	0.7919384	0.86610556	0.708038	0.8951681	0.8218546	0.8685209	0.7769395	0.92130005	0.86374414	0.84550154	0.78198224	0.83881104	0.9040349	0.8643004	0.89970005	0.9099279	0.88273764	0.89108324	0.8740891	0.84302753	0.85530674	0.8163222	0.9120885	0.8408893	0.7593748	0.79554516	0.87268865	0.7353865	0.8298295	0.8565236	0.8759621	0.9171347	0.85520816	0.78985196	0.91333514	0.81165355	0.8859056	0.79659736	0.9018694	0.89309186	0.7967521	0.8327013	0.94922364	0.9284747	0.8368456	0.854038	0.8740108	0.8283195
allerlei/det	0.71739507	0.53652686	0.72088516	0.8779806	0.7213024	0.54763865	0.85782635	0.84247744	0.68244755	0.9353708	0.7509266	0.6982994	0.8125063	0.8309361	0.0	0.74835795	0.79975784	0.75672483	0.66037637	0.60217977	0.75767446	0.75097156	0.86048293	0.69699657	0.80008596	0.78605807	0.75389194	0.7301262	0.72794163	0.67609286	0.7315479	0.56779456	0.837031	0.8504781	0.7208625	0.8025498	0.8095012	0.8097677	0.88180506	0.7812177	0.82135165	0.76307905	0.8025131	0.81037194	0.77453035	0.8587997	0.81880075	0.76661456	0.64346004	0.7462241	0.76289576	0.80639464	0.6670283	0.75670475	0.44679356	0.8316317	0.72529763	0.80945873	0.7139552	0.77249527	0.76451516	0.6338658	0.78054786	0.838382	0.7836797	0.79484594	0.87037385	0.7000421	0.70180017	0.6364926	0.82761025	0.7283554	0.5156162	0.7110852	0.66918874	0.7236724	0.68497604	0.8035724	0.7625601	0.87810284	0.7585805	0.47127062	0.7996365	0.7648449	0.7768945	0.86588085	0.8583058	0.81724215	0.605739	0.6698178	0.86163175	0.8600637	0.785764	0.7265178	0.7070714	0.6417941
genomen/adj	0.74724364	0.7214466	0.7710783	0.84352636	0.82569027	0.7951939	0.8314836	0.87001336	0.81595993	0.89109033	0.73310065	0.7022858	0.8224151	0.85028106	0.74835795	0.0	0.8413809	0.7561271	0.7777114	0.77528626	0.86319953	0.79826903	0.8706665	0.8343662	0.8787512	0.80569416	0.79128194	0.815649	0.8390338	0.84758806	0.78869486	0.7324656	0.8872625	0.59742284	0.7409419	0.8812394	0.84089255	0.7727412	0.8358345	0.7771239	0.86161464	0.8116228	0.8086069	0.8164433	0.8551118	0.87605697	0.83924574	0.7848137	0.70849013	0.77984565	0.80922526	0.81776446	0.7765252	0.78892756	0.7950496	0.7709427	0.80305684	0.8422636	0.7573382	0.84004825	0.83912367	0.784169	0.8003366	0.85621953	0.83341205	0.8125538	0.8247194	0.84159106	0.7944257	0.7729272	0.864524	0.78089744	0.72082824	0.79706186	0.76950675	0.74692893	0.7783271	0.8108486	0.8021183	0.8494961	0.8296231	0.731233	0.84808236	0.8201705	0.87545955	0.78438085	0.8508371	0.8206125	0.7199804	0.7674893	0.9121581	0.87129354	0.80828637	0.7917103	0.7682646	0.80478764
bedek/verb	0.87002194	0.79915965	0.7683953	0.8510794	0.86800385	0.8387579	0.89480937	0.8544248	0.8615175	0.9378499	0.9118353	0.7551182	0.88735366	0.8867253	0.79975784	0.8413809	0.0	0.8602581	0.8413883	0.7857173	0.8520419	0.88721585	0.8561374	0.85032415	0.8564865	0.70395994	0.7412015	0.74578524	0.80994356	0.87283826	0.92153347	0.8249615	0.84793717	0.9017384	0.7408712	0.90649503	0.93772095	0.7539182	0.8791139	0.8237007	0.7411487	0.6780075	0.78643495	0.6177551	0.6604798	0.9212513	0.9636402	0.7966051	0.71377844	0.8824573	0.93751556	0.79763824	0.6968696	0.70942533	0.839572	0.72326255	0.8599392	0.7562741	0.80016583	0.85592306	0.87535703	0.832461	0.8349605	0.72317517	0.586552	0.7397466	0.6271285	0.8014647	0.85544646	0.800497	0.46126598	0.8636173	0.84296477	0.8926172	0.866135	0.8195883	0.80012715	0.79107296	0.8361549	0.7218429	0.57984084	0.7879844	0.75528294	0.7574488	0.61966324	0.9388609	0.8261435	0.62047446	0.7094401	0.77856827	0.67249745	0.7953757	0.8619311	0.88488436	0.8734892	0.82595706
verdacht/adj	0.7050608	0.654068	0.8129355	0.76405096	0.8155518	0.8147069	0.81347585	0.90151906	0.8709793	0.9059405	0.7795672	0.7260066	0.85779655	0.8710494	0.75672483	0.7561271	0.8602581	0.0	0.72983825	0.8074199	0.87398136	0.8571357	0.8549324	0.86618704	0.89641523	0.8845486	0.79064506	0.831129	0.8605739	0.87869537	0.83860356	0.81710005	0.9249784	0.8917927	0.6945196	0.90028644	0.8661525	0.80189943	0.78183025	0.78563553	0.92355686	0.79020303	0.8145967	0.8491257	0.8574763	0.8970583	0.879807	0.8307949	0.779762	0.8627011	0.7914755	0.85694766	0.8198517	0.8211734	0.7655624	0.7513803	0.8483623	0.8614295	0.72175974	0.8510671	0.89929366	0.80646825	0.7911604	0.85948944	0.8868963	0.8609658	0.8920832	0.8823736	0.7967224	0.7990078	0.8794213	0.8158611	0.72980976	0.8490312	0.7937066	0.74059385	0.8444162	0.8414231	0.74565876	0.85471684	0.8636761	0.7493131	0.87681776	0.7906596	0.89513475	0.78945243	0.8252581	0.7830086	0.7518232	0.7418403	0.9222922	0.8499907	0.8655379	0.81050706	0.6137529	0.7820472
enkel/det	0.7283149	0.62519956	0.84296906	0.6094141	0.7904687	0.7791373	0.7464234	0.84582496	0.84472966	0.86474484	0.8011669	0.79584056	0.8400937	0.7917894	0.66037637	0.7777114	0.8413883	0.72983825	0.0	0.75944865	0.83327377	0.8325877	0.85597956	0.8738197	0.8424215	0.82547826	0.752496	0.7342856	0.8640741	0.79982615	0.7974025	0.71971303	0.91007596	0.8623131	0.7539236	0.8532609	0.86775815	0.82700014	0.6352017	0.8584745	0.8689434	0.8275917	0.7806787	0.8241121	0.7813145	0.87627256	0.83014	0.82656986	0.70063406	0.7929723	0.7645893	0.8172839	0.7474874	0.8455167	0.6543305	0.8090524	0.8447375	0.8009477	0.73610973	0.83328104	0.86314476	0.7844013	0.85045266	0.8432888	0.85815966	0.7735438	0.8281269	0.8275526	0.8495787	0.7922116	0.8362927	0.7451818	0.662717	0.77761745	0.7891022	0.7693266	0.84081846	0.7810565	0.76237583	0.81680244	0.8203249	0.73439753	0.8704056	0.768268	0.84529114	0.79480016	0.815837	0.8056665	0.6195295	0.7238168	0.89833623	0.8715726	0.780727	0.7341646	0.7803705	0.6186717
waarin/pp	0.77663213	0.5639103	0.7707717	0.80510336	0.7015523	0.6237508	0.8649451	0.86185205	0.76602924	0.9198375	0.7930669	0.8048773	0.8338399	0.8147094	0.60217977	0.77528626	0.7857173	0.8074199	0.75944865	0.0	0.85474813	0.72063684	0.87394243	0.71792924	0.8618872	0.72497344	0.6627321	0.7660259	0.81236917	0.72343516	0.7656642	0.67614084	0.8443464	0.91003364	0.77005756	0.8511797	0.88730913	0.89190584	0.8214749	0.8490467	0.83379215	0.8091859	0.6001848	0.800881	0.82929945	0.84043133	0.8572128	0.72481024	0.7331021	0.780056	0.8264065	0.8122401	0.7023068	0.75870305	0.5903842	0.87762356	0.8667763	0.85959446	0.7495308	0.7207601	0.78495234	0.6961905	0.85039765	0.8551695	0.7604299	0.8108866	0.8162916	0.7399124	0.7964686	0.593623	0.819174	0.8313937	0.6823391	0.7871196	0.6575613	0.69552255	0.6966087	0.8422587	0.8350761	0.86498886	0.7557042	0.63277745	0.76775706	0.6981398	0.7836693	0.84573245	0.8563169	0.8494992	0.53439647	0.6677458	0.859131	0.8645431	0.8206818	0.8061673	0.7989299	0.68501586
chirurgisch/adj	0.77740145	0.78210187	0.8442216	0.88815963	0.8780398	0.7959858	0.9121927	0.8956749	0.79867905	0.9333137	0.8513957	0.8469383	0.88560516	0.921106	0.75767446	0.86319953	0.8520419	0.87398136	0.83327377	0.85474813	0.0	0.85305375	0.9040827	0.8872577	0.8956512	0.8858356	0.86726844	0.85829353	0.8003149	0.83742845	0.8634111	0.80145574	0.8719936	0.911292	0.8661295	0.84608364	0.89694023	0.88994503	0.885971	0.8845459	0.8173591	0.8459301	0.8895407	0.89835495	0.87603855	0.9026609	0.9028176	0.8593227	0.7422911	0.8498023	0.88812757	0.8601753	0.8378734	0.8628014	0.8133855	0.8810028	0.856571	0.87893903	0.8040353	0.86937094	0.8761129	0.83057165	0.8803749	0.87896633	0.8776612	0.8419801	0.9057893	0.85266733	0.8684795	0.82127047	0.87460035	0.84003717	0.8187377	0.84420055	0.824343	0.84530514	0.847912	0.94421357	0.887723	0.84518206	0.8583704	0.783718	0.85546553	0.8833843	0.89034736	0.8998537	0.8760579	0.8206663	0.7804105	0.83500147	0.89945054	0.90817076	0.8667017	0.85848016	0.7974085	0.86664027
representatief/adj	0.8374893	0.7138516	0.8540423	0.87437356	0.76274526	0.7584268	0.90024245	0.9174127	0.79617655	0.8884358	0.75018424	0.87191486	0.84515923	0.82312274	0.75097156	0.79826903	0.88721585	0.8571357	0.8325877	0.72063684	0.85305375	0.0	0.89406174	0.84023565	0.91785765	0.8450837	0.7628498	0.82907796	0.8437537	0.7972705	0.7684319	0.76171017	0.88851357	0.9115496	0.8713185	0.8620348	0.84795475	0.921023	0.8706517	0.87450165	0.8792737	0.89050776	0.84177554	0.90272456	0.88219553	0.8708282	0.8094599	0.8034929	0.8081323	0.80746806	0.81207204	0.89762324	0.8434615	0.8336364	0.6837547	0.9293297	0.8609405	0.9001461	0.80414176	0.8171372	0.85830057	0.78146386	0.87317145	0.9327265	0.8717607	0.8771097	0.8980041	0.82466817	0.8478912	0.7356653	0.90614766	0.83790445	0.7452915	0.80448323	0.7458336	0.7244115	0.7938731	0.9051641	0.8667559	0.9274759	0.86295724	0.7279483	0.87056893	0.8403068	0.88856876	0.8553202	0.8884249	0.90418684	0.72113127	0.764294	0.88936675	0.92604244	0.84497017	0.804384	0.7948611	0.8024952
naar/prep	0.8380522	0.8396261	0.89239883	0.85481274	0.89539087	0.9001532	0.8284574	0.88951397	0.87702817	0.9231737	0.8994555	0.89113635	0.87530774	0.86105657	0.86048293	0.8706665	0.8561374	0.8549324	0.85597956	0.87394243	0.9040827	0.89406174	0.0	0.9051038	0.8708229	0.8835746	0.7647748	0.86260265	0.89255345	0.84319013	0.87728465	0.8242482	0.9001125	0.9123644	0.818208	0.8629776	0.9241874	0.87778586	0.8539667	0.86424524	0.9268656	0.86815494	0.7613517	0.7373246	0.88956857	0.89258945	0.9266249	0.7749801	0.8028923	0.9100915	0.82981896	0.8756797	0.8417443	0.8515281	0.84365016	0.8967967	0.814871	0.776668	0.83904207	0.85267687	0.89639604	0.8671351	0.90675735	0.88426757	0.84929	0.86276186	0.79794085	0.87815803	0.91196644	0.86305654	0.91370976	0.8609375	0.84623283	0.83344287	0.8848797	0.80751675	0.87711656	0.87449193	0.8642384	0.89058495	0.8423996	0.8667137	0.9035005	0.69041336	0.82937384	0.9046973	0.8213378	0.82455915	0.7824098	0.862151	0.9382506	0.8891175	0.88608885	0.86354804	0.86660594	0.83742523
puur/adj	0.8779129	0.75362045	0.8091782	0.92162234	0.76052856	0.71220887	0.9006742	0.84187865	0.7797005	0.94279516	0.8334125	0.8165204	0.8921957	0.8632956	0.69699657	0.8343662	0.85032415	0.86618704	0.8738197	0.71792924	0.8872577	0.84023565	0.9051038	0.0	0.7894796	0.81959355	0.8009647	0.86274105	0.87826836	0.8610288	0.77807176	0.72616196	0.8767579	0.91066855	0.8100186	0.865819	0.8814397	0.8864609	0.9335339	0.8447355	0.881577	0.8073884	0.86477107	0.8725993	0.8469834	0.8769303	0.8356786	0.8338617	0.7969547	0.7531345	0.87800384	0.8684077	0.77439773	0.7684753	0.7982013	0.8682249	0.8314903	0.86683977	0.79867935	0.76395047	0.81967854	0.7495525	0.86740375	0.9100359	0.7725079	0.79414773	0.8849731	0.71888816	0.8299403	0.79505503	0.8722537	0.7864914	0.7764958	0.802952	0.7680626	0.76888996	0.4298895	0.90191	0.8645781	0.90884155	0.7703789	0.7040792	0.81136787	0.89005625	0.84848064	0.92335343	0.909367	0.8713943	0.7474182	0.8065536	0.9118566	0.9173502	0.7682656	0.7922652	0.87029004	0.80393213
hoop/noun	0.86592656	0.7966479	0.8974932	0.91812545	0.8646241	0.8827858	0.9412223	0.9049843	0.8927914	0.96114826	0.8600352	0.8552395	0.9296368	0.8697413	0.80008596	0.8787512	0.8564865	0.89641523	0.8424215	0.8618872	0.8956512	0.91785765	0.8708229	0.7894796	0.0	0.857152	0.82945096	0.8855071	0.89063305	0.8764571	0.82985044	0.75955695	0.9196488	0.94060886	0.8373391	0.935845	0.93843174	0.85970277	0.9028375	0.8846381	0.93349546	0.88342106	0.87598616	0.7901092	0.819689	0.9116092	0.8577503	0.83735496	0.8058585	0.84455335	0.8890341	0.89034617	0.86115414	0.87312776	0.903892	0.88133997	0.89414704	0.8884933	0.823642	0.87809885	0.8977397	0.8638554	0.9181498	0.895349	0.8701839	0.8669957	0.8927403	0.88422066	0.8958216	0.82294863	0.8739122	0.8149106	0.7919761	0.81133914	0.8810717	0.84463286	0.8437336	0.90133107	0.8771672	0.8991208	0.8556227	0.8531803	0.8463674	0.88906556	0.88120866	0.88857496	0.9400916	0.85507876	0.82690144	0.9020632	0.9516519	0.8875131	0.858547	0.7791158	0.93377936	0.8670803
stuk/noun	0.7991804	0.8233672	0.7368064	0.85998476	0.83736855	0.77732956	0.8540932	0.8531269	0.78114074	0.90794975	0.8458419	0.729547	0.78954357	0.89984965	0.78605807	0.80569416	0.70395994	0.8845486	0.82547826	0.72497344	0.8858356	0.8450837	0.8835746	0.81959355	0.857152	0.0	0.76824385	0.81054914	0.86691546	0.87685114	0.85720545	0.81930923	0.8450707	0.9336884	0.7371423	0.88619184	0.9425522	0.7456026	0.8642396	0.816012	0.77906394	0.76740694	0.83314216	0.7357109	0.7352402	0.88821787	0.92750096	0.7796395	0.7126999	0.7931417	0.8895077	0.81717885	0.7771046	0.7087424	0.81713074	0.73054004	0.7786301	0.83094877	0.79446757	0.872789	0.79799646	0.8085253	0.82276124	0.77776176	0.68802595	0.7720051	0.79590905	0.746686	0.82589257	0.7369442	0.7159492	0.8211076	0.8537984	0.8614086	0.8001617	0.8298673	0.77823365	0.85923237	0.85681736	0.8240713	0.7053962	0.7652979	0.7944176	0.8337912	0.78353703	0.9463655	0.8553782	0.7899574	0.7252597	0.7681818	0.8152693	0.83854574	0.7122195	0.85425633	0.90131295	0.83471745
uit/prep	0.8415977	0.68874156	0.78187424	0.7704829	0.79497755	0.774843	0.8650015	0.86596394	0.8228127	0.91040075	0.74536026	0.7803575	0.8365767	0.8295187	0.75389194	0.79128194	0.7412015	0.79064506	0.752496	0.6627321	0.86726844	0.7628498	0.7647748	0.8009647	0.82945096	0.76824385	0.0	0.7751496	0.8358143	0.8436761	0.82939416	0.7789995	0.8940548	0.89130676	0.7769804	0.86165017	0.8807224	0.8130897	0.79691195	0.7722111	0.85741854	0.79832006	0.6615639	0.7339049	0.8141426	0.8606903	0.8876343	0.74219674	0.7538522	0.89199984	0.8063102	0.7853712	0.77226293	0.77529025	0.73622745	0.81617916	0.83740234	0.8675141	0.75424033	0.8443061	0.8747257	0.8091934	0.8132715	0.7682817	0.7871775	0.814095	0.783588	0.7963675	0.82033443	0.74284726	0.7839542	0.83551025	0.75079125	0.84740365	0.79765695	0.70670897	0.8011021	0.84157234	0.8184235	0.8078091	0.76866114	0.7228849	0.78946984	0.72996527	0.807246	0.87900496	0.83890367	0.74049944	0.6909294	0.6973186	0.85318875	0.84093237	0.8727797	0.8405298	0.8301049	0.78785694
klein/adj	0.85476315	0.7225794	0.72222424	0.7895942	0.82028526	0.7638378	0.8094236	0.8838786	0.804403	0.9151079	0.8631321	0.7545514	0.8074635	0.83038014	0.7301262	0.815649	0.74578524	0.831129	0.7342856	0.7660259	0.85829353	0.82907796	0.86260265	0.86274105	0.8855071	0.81054914	0.7751496	0.0	0.8148645	0.81473786	0.8155952	0.7943759	0.8570564	0.8957344	0.8078549	0.88101906	0.8842118	0.79892033	0.82319695	0.8000754	0.82006204	0.76298773	0.7353513	0.79570407	0.80684245	0.8797384	0.91466063	0.78965133	0.6980028	0.8505583	0.8284852	0.8333315	0.7314641	0.8105533	0.7236633	0.7714348	0.7389071	0.8248273	0.7995789	0.87474954	0.8482104	0.7929809	0.83091336	0.82611084	0.7854508	0.74626935	0.7586119	0.796794	0.8238052	0.71109664	0.76908904	0.7513257	0.7758805	0.82283205	0.84616494	0.770982	0.8357076	0.8160795	0.82361317	0.8379532	0.7277581	0.6791788	0.86769223	0.67525816	0.71104515	0.88538027	0.8501502	0.8192525	0.5840067	0.7208022	0.8409438	0.84541416	0.8067951	0.7881457	0.8559777	0.71723413
magnetisch/adj	0.8301626	0.7615667	0.7857012	0.8886153	0.8756679	0.79933065	0.89526737	0.87749696	0.79856586	0.93842256	0.82496107	0.7412368	0.88538957	0.92178994	0.72794163	0.8390338	0.80994356	0.8605739	0.8640741	0.81236917	0.8003149	0.8437537	0.89255345	0.87826836	0.89063305	0.86691546	0.8358143	0.8148645	0.0	0.8153298	0.8600908	0.77756524	0.8617597	0.94961774	0.8011205	0.8763919	0.9179627	0.8528811	0.8941524	0.84058946	0.8048039	0.73548996	0.84209293	0.8545079	0.8784847	0.89931995	0.86795473	0.8550906	0.68173236	0.8563592	0.8896188	0.8796057	0.82083875	0.8112625	0.7688873	0.8561644	0.83366185	0.8517434	0.80411243	0.85606307	0.8776148	0.8232925	0.8662987	0.858783	0.800282	0.8354714	0.80447775	0.85488033	0.8077276	0.80804396	0.8574784	0.8301077	0.82908356	0.8687998	0.75877315	0.8049568	0.8186432	0.9112438	0.8812623	0.8653809	0.8052734	0.76343083	0.83183336	0.8566593	0.81644773	0.93953913	0.86049485	0.855897	0.7713691	0.7961578	0.8834325	0.8937828	0.87688524	0.84776354	0.81560063	0.8410772
nieuw/adj	0.7682767	0.7104266	0.76903796	0.8632521	0.7787665	0.7519001	0.8603789	0.8907421	0.71366763	0.9357892	0.87847686	0.83814657	0.7981231	0.7949868	0.67609286	0.84758806	0.87283826	0.87869537	0.79982615	0.72343516	0.83742845	0.7972705	0.84319013	0.8610288	0.8764571	0.87685114	0.8436761	0.81473786	0.8153298	0.0	0.8248311	0.7226153	0.8498908	0.89386785	0.86569774	0.8056776	0.8504777	0.8725859	0.8627497	0.8446559	0.8446594	0.85931486	0.7640663	0.898274	0.86481094	0.85594165	0.83408725	0.74205565	0.70991087	0.8583213	0.7551142	0.897741	0.7866364	0.826067	0.6274651	0.9041978	0.73046875	0.82471424	0.8138724	0.7406857	0.85532963	0.76062584	0.8654264	0.8711529	0.8616123	0.887868	0.8707721	0.7900802	0.82216585	0.69091153	0.895769	0.80915964	0.7200757	0.6932684	0.8092714	0.6346139	0.8195618	0.88122684	0.85293645	0.92241406	0.83332634	0.6960325	0.88623226	0.7885183	0.80723494	0.8622805	0.8703492	0.88874376	0.6520915	0.7027044	0.91802883	0.8934239	0.85931337	0.77406573	0.82676435	0.7739364
met/adv	0.8152544	0.66799915	0.83199155	0.8857592	0.740033	0.72095186	0.88535917	0.84040785	0.7448077	0.91647196	0.7974288	0.81555283	0.8657319	0.7406584	0.7315479	0.78869486	0.92153347	0.83860356	0.7974025	0.7656642	0.8634111	0.7684319	0.87728465	0.77807176	0.82985044	0.85720545	0.82939416	0.8155952	0.8600908	0.8248311	0.0	0.7263919	0.92369443	0.91833186	0.85300386	0.80836314	0.8302073	0.87004447	0.88514304	0.7812346	0.91744536	0.8625504	0.8155198	0.870268	0.90450984	0.8102947	0.76893	0.78720117	0.71941507	0.80228996	0.6882018	0.8885404	0.82283986	0.79687023	0.75448096	0.90709704	0.7867822	0.83024174	0.69736123	0.7961792	0.86344063	0.77633965	0.8370711	0.9364844	0.86095756	0.8188388	0.88370794	0.8458363	0.78659445	0.7917089	0.9163623	0.7023971	0.7434491	0.73017037	0.76402146	0.67796373	0.75965995	0.87551856	0.8379745	0.92558986	0.8665657	0.61382604	0.88392717	0.8453578	0.90589243	0.7995497	0.9171431	0.9116771	0.77276886	0.8154273	0.94162273	0.9320549	0.7581583	0.7131898	0.81092465	0.8459398
die/det	0.67323864	0.5407835	0.8092381	0.8468974	0.7834471	0.74225414	0.8292471	0.7913717	0.7841802	0.9287954	0.73263943	0.75339955	0.83843726	0.798373	0.56779456	0.7324656	0.8249615	0.81710005	0.71971303	0.67614084	0.80145574	0.76171017	0.8242482	0.72616196	0.75955695	0.81930923	0.7789995	0.7943759	0.77756524	0.7226153	0.7263919	0.0	0.85383105	0.8681537	0.7791666	0.9066104	0.8292197	0.84504104	0.8527885	0.84045434	0.867507	0.8161332	0.8024342	0.8055409	0.77586365	0.8483856	0.7290248	0.8673604	0.6333044	0.6810771	0.8035763	0.8053746	0.71354115	0.7514271	0.6426028	0.85428786	0.7954312	0.8025465	0.7245445	0.7614291	0.7826228	0.6834048	0.84766775	0.84681493	0.7814281	0.79436374	0.82894266	0.7801242	0.79992795	0.8155185	0.8069501	0.7357981	0.6004805	0.73933244	0.6991646	0.7174389	0.7178056	0.8537379	0.81200576	0.8882557	0.7760818	0.70570606	0.7569685	0.8200517	0.7969349	0.84980375	0.8537693	0.8342956	0.64317393	0.7395493	0.8773845	0.88305324	0.7996664	0.73894453	0.8213454	0.6543037
lichtgewicht/adj	0.88880825	0.839302	0.81172633	0.86615825	0.87404	0.8691067	0.8933177	0.9080658	0.78859067	0.9451248	0.9299511	0.8423904	0.8856558	0.9268458	0.837031	0.8872625	0.84793717	0.9249784	0.91007596	0.8443464	0.8719936	0.88851357	0.9001125	0.8767579	0.9196488	0.8450707	0.8940548	0.8570564	0.8617597	0.8498908	0.92369443	0.85383105	0.0	0.9432129	0.8478037	0.9141958	0.9056572	0.85979456	0.9019081	0.8707744	0.7193248	0.7914391	0.8817408	0.8829677	0.8284905	0.8716218	0.9410244	0.894127	0.82635844	0.8878601	0.93468726	0.8878707	0.80641145	0.8148985	0.86210126	0.8296616	0.80349505	0.89134204	0.8759862	0.9029641	0.902519	0.87877303	0.9078057	0.8191024	0.83618575	0.8163427	0.89876425	0.8374381	0.8736417	0.86264944	0.81428	0.8785982	0.8841168	0.86460435	0.9075948	0.87922853	0.8648782	0.9126824	0.9050875	0.8498513	0.81373364	0.8210221	0.86582345	0.8798979	0.833678	0.9471805	0.8336094	0.8598659	0.8166805	0.8557509	0.836158	0.9043607	0.88864875	0.90006614	0.9412308	0.8881749
neem/verb	0.90630066	0.8628708	0.92228633	0.9003105	0.894414	0.91601956	0.89950025	0.919724	0.9100885	0.9395832	0.8841503	0.877127	0.9321821	0.90247846	0.8504781	0.59742284	0.9017384	0.8917927	0.8623131	0.91003364	0.911292	0.9115496	0.9123644	0.91066855	0.94060886	0.9336884	0.89130676	0.8957344	0.94961774	0.89386785	0.91833186	0.8681537	0.9432129	0.0	0.88139486	0.92910933	0.9083709	0.9163708	0.90095127	0.9180351	0.93712974	0.894362	0.8760532	0.93055415	0.9110559	0.9308617	0.9140618	0.8862563	0.8324578	0.9058928	0.9035491	0.8876169	0.82619387	0.92637223	0.9039074	0.8931194	0.8931569	0.8672228	0.8936663	0.8851544	0.91230494	0.8754375	0.92520076	0.9183551	0.92283577	0.9117347	0.9083918	0.92439115	0.92713845	0.90557593	0.9307538	0.8621688	0.8389612	0.8209127	0.8869145	0.8562568	0.8776045	0.85627323	0.8891918	0.8936111	0.9063722	0.8549295	0.9104204	0.9284361	0.9168401	0.83516383	0.91838676	0.8948672	0.8038895	0.9059342	0.9483402	0.93387717	0.90242577	0.88383585	0.86281073	0.87320286
lading/noun	0.75152284	0.725368	0.6689074	0.81396097	0.85516036	0.7878799	0.79728013	0.88869095	0.7792083	0.9298854	0.79304063	0.5123666	0.8345532	0.8892662	0.7208625	0.7409419	0.7408712	0.6945196	0.7539236	0.77005756	0.8661295	0.8713185	0.818208	0.8100186	0.8373391	0.7371423	0.7769804	0.8078549	0.8011205	0.86569774	0.85300386	0.7791666	0.8478037	0.88139486	0.0	0.88900405	0.88799804	0.5273945	0.8367324	0.6838921	0.8321825	0.6314322	0.84902084	0.72578573	0.7611753	0.8938446	0.9033356	0.8295258	0.69500583	0.80951685	0.87319916	0.7566304	0.7419523	0.71586496	0.80586416	0.54135156	0.76977324	0.84853625	0.7752429	0.82928216	0.8689825	0.80608743	0.7403175	0.75364816	0.7941047	0.7548085	0.8012785	0.80711937	0.7900192	0.76568365	0.76966345	0.7745346	0.7774657	0.85571676	0.77939	0.80531573	0.7480482	0.79419124	0.7861114	0.7898808	0.7688034	0.7194267	0.8372136	0.81161773	0.8502759	0.8908618	0.8134314	0.7271389	0.7239342	0.7449515	0.871738	0.8036019	0.8053378	0.80403817	0.7915338	0.8031131
afdeling/noun	0.8236276	0.80655736	0.82979023	0.8576159	0.83536255	0.7901652	0.90691817	0.93882054	0.73521346	0.93082	0.89785343	0.8680129	0.85947	0.8125016	0.8025498	0.8812394	0.90649503	0.90028644	0.8532609	0.8511797	0.84608364	0.8620348	0.8629776	0.865819	0.935845	0.88619184	0.86165017	0.88101906	0.8763919	0.8056776	0.80836314	0.9066104	0.9141958	0.92910933	0.88900405	0.0	0.86853945	0.89035887	0.84660196	0.87315285	0.86289346	0.88679045	0.8092547	0.91892034	0.9224684	0.894783	0.93537915	0.83255136	0.81719327	0.9094716	0.79836816	0.94459575	0.8482097	0.8880584	0.7984622	0.91187054	0.8507222	0.9056608	0.8110417	0.865042	0.9067471	0.86514854	0.89732677	0.92999345	0.91570663	0.9057812	0.920087	0.81498075	0.8779814	0.8163303	0.94167167	0.8471571	0.82197046	0.759953	0.87262625	0.7590908	0.84745663	0.91185313	0.85676086	0.9325868	0.89209306	0.74318933	0.9383927	0.8056387	0.87938	0.8818135	0.923892	0.8906642	0.83323777	0.8379387	0.9295407	0.9171425	0.8747952	0.8552626	0.7901932	0.88147163
stel_vrij/verb	0.84460807	0.7532319	0.86812115	0.853653	0.8259556	0.81722075	0.78272	0.89729095	0.8273169	0.91232735	0.9119114	0.8691037	0.86726314	0.8644226	0.8095012	0.84089255	0.93772095	0.8661525	0.86775815	0.88730913	0.89694023	0.84795475	0.9241874	0.8814397	0.93843174	0.9425522	0.8807224	0.8842118	0.9179627	0.8504777	0.8302073	0.8292197	0.9056572	0.9083709	0.88799804	0.86853945	0.0	0.8352572	0.85028785	0.84438914	0.92817354	0.89622617	0.88912386	0.9406152	0.93077135	0.93278986	0.91701436	0.887535	0.78451073	0.90167993	0.7904042	0.90217936	0.89310217	0.9090654	0.83122504	0.8956829	0.81171227	0.8908987	0.8447912	0.8875113	0.9093573	0.82462966	0.86575377	0.93759024	0.9431604	0.91733205	0.89517254	0.8998145	0.90480113	0.86588806	0.95036364	0.7482519	0.76954406	0.7346939	0.8763421	0.7713398	0.86466736	0.8824452	0.8107563	0.92845523	0.89836	0.7482399	0.9436626	0.88141036	0.9125476	0.77997756	0.93379384	0.9303802	0.81551313	0.824504	0.9674064	0.9352433	0.8239998	0.7824825	0.82481027	0.83446205
ton/noun	0.76020974	0.79904777	0.60068333	0.80516607	0.9133464	0.8508334	0.6087902	0.9086753	0.7690102	0.85140353	0.8827082	0.46583354	0.806397	0.89512175	0.8097677	0.7727412	0.7539182	0.80189943	0.82700014	0.89190584	0.88994503	0.921023	0.87778586	0.8864609	0.85970277	0.7456026	0.8130897	0.79892033	0.8528811	0.8725859	0.87004447	0.84504104	0.85979456	0.9163708	0.5273945	0.89035887	0.8352572	0.0	0.7917258	0.64538693	0.78439337	0.5840622	0.86597884	0.74290067	0.7725158	0.9078685	0.94055367	0.83858705	0.6921353	0.91820717	0.8594144	0.79241383	0.783798	0.6664114	0.8679441	0.33937114	0.7085813	0.8629801	0.83584726	0.9361471	0.9293258	0.8689515	0.7102089	0.76191026	0.82120275	0.77697814	0.77533996	0.82287574	0.782004	0.7746986	0.76565826	0.6391853	0.8451468	0.80453527	0.87541246	0.8202325	0.7963868	0.81667584	0.7397691	0.84460425	0.81054956	0.7722689	0.8330078	0.83585876	0.85009205	0.8794796	0.8382135	0.7371395	0.81327593	0.7557136	0.8920308	0.7982694	0.7402652	0.71126604	0.86704123	0.8666246
acht/num	0.7659431	0.73021054	0.86500335	0.19007778	0.82796943	0.9144102	0.65162563	0.90109044	0.89410704	0.6519456	0.8874483	0.8415029	0.8553364	0.8418308	0.88180506	0.8358345	0.8791139	0.78183025	0.6352017	0.8214749	0.885971	0.8706517	0.8539667	0.9335339	0.9028375	0.8642396	0.79691195	0.82319695	0.8941524	0.8627497	0.88514304	0.8527885	0.9019081	0.90095127	0.8367324	0.84660196	0.85028785	0.7917258	0.0	0.8632244	0.908862	0.85547966	0.75616455	0.8446601	0.8381232	0.8991418	0.9234625	0.8606547	0.79050016	0.8887777	0.8426398	0.8726602	0.79261386	0.8526135	0.7553104	0.7763385	0.8789494	0.80203474	0.7955719	0.87876284	0.93502635	0.8417127	0.8895207	0.8885738	0.9194792	0.8578799	0.80965424	0.9112603	0.9059852	0.82765657	0.8475573	0.775209	0.75711024	0.77366084	0.88829905	0.78579515	0.8977209	0.8237996	0.81837904	0.87137866	0.8806716	0.85409915	0.9134653	0.78847003	0.8433051	0.79383886	0.848392	0.8496712	0.7373787	0.6882906	0.93473554	0.9102456	0.8148298	0.75873834	0.8664578	0.71505386
importeer/verb	0.8255103	0.71679413	0.51894623	0.85843533	0.8222891	0.73327243	0.7906199	0.8913896	0.71147525	0.90056854	0.8489554	0.61170095	0.77604026	0.87495875	0.7812177	0.7771239	0.8237007	0.78563553	0.8584745	0.8490467	0.8845459	0.87450165	0.86424524	0.8447355	0.8846381	0.816012	0.7722111	0.8000754	0.84058946	0.8446559	0.7812346	0.84045434	0.8707744	0.9180351	0.6838921	0.87315285	0.84438914	0.64538693	0.8632244	0.0	0.83631796	0.6852687	0.8443471	0.8239862	0.8372043	0.8318508	0.91159415	0.8253746	0.73408914	0.8696853	0.7781141	0.8201917	0.79816616	0.71578515	0.81346524	0.6679487	0.6040898	0.8911402	0.8241601	0.8737022	0.8611886	0.8350575	0.5358892	0.83906686	0.8263985	0.84802264	0.85440403	0.77492505	0.7431313	0.77621806	0.8502902	0.69188094	0.80048954	0.82996726	0.8531276	0.7652816	0.7727111	0.8230998	0.76746523	0.9017813	0.8346842	0.65288347	0.8971911	0.7663487	0.885078	0.87629026	0.882562	0.811805	0.8068322	0.72829914	0.86766714	0.8558986	0.79306483	0.7557989	0.8297983	0.8579581
roest_vrij/adj	0.8660995	0.84953433	0.73044235	0.88427746	0.9068875	0.8522129	0.87976235	0.86741656	0.74204475	0.9459299	0.9425478	0.80444324	0.85319185	0.9293032	0.82135165	0.86161464	0.7411487	0.92355686	0.8689434	0.83379215	0.8173591	0.8792737	0.9268656	0.881577	0.93349546	0.77906394	0.85741854	0.82006204	0.8048039	0.8446594	0.91744536	0.867507	0.7193248	0.93712974	0.8321825	0.86289346	0.92817354	0.78439337	0.908862	0.83631796	0.0	0.7046592	0.87539375	0.86691695	0.8401097	0.89698476	0.93253684	0.88370055	0.7551055	0.89633083	0.92199975	0.8546361	0.82353127	0.73386925	0.8353672	0.7984524	0.79300964	0.8600191	0.86502874	0.91129434	0.8916228	0.8795837	0.86987054	0.73437184	0.79316586	0.80157244	0.8351178	0.8149029	0.8613459	0.8271313	0.7368516	0.8701569	0.8908185	0.89727217	0.8555685	0.87038803	0.82345563	0.9219458	0.90169877	0.81786823	0.75043917	0.8137928	0.79312766	0.8809505	0.7746629	0.97081375	0.8080711	0.8364077	0.7962338	0.82660186	0.7277869	0.892695	0.8664379	0.89012486	0.919765	0.8780411
vloeibaar/adj	0.7924141	0.7758725	0.583537	0.8478544	0.8715342	0.7980198	0.77727425	0.8802226	0.73140347	0.9220817	0.86595637	0.511487	0.8164102	0.89364487	0.76307905	0.8116228	0.6780075	0.79020303	0.8275917	0.8091859	0.8459301	0.89050776	0.86815494	0.8073884	0.88342106	0.76740694	0.79832006	0.76298773	0.73548996	0.85931486	0.8625504	0.8161332	0.7914391	0.894362	0.6314322	0.88679045	0.89622617	0.5840622	0.85547966	0.6852687	0.7046592	0.0	0.8219843	0.77168226	0.77375925	0.8794338	0.91876346	0.8351621	0.66295755	0.8618807	0.8956637	0.7941896	0.7493601	0.6444865	0.79080963	0.58731776	0.6826645	0.84514874	0.80050117	0.8640438	0.88746655	0.80307245	0.7536995	0.77150315	0.6393527	0.7330602	0.7839396	0.7519463	0.74384755	0.78964555	0.67888737	0.7409167	0.8372653	0.84844255	0.8113657	0.8298224	0.69652045	0.8294797	0.7518572	0.8236131	0.7222667	0.7376059	0.8288992	0.8281738	0.77912736	0.93465924	0.84932274	0.75331134	0.75215644	0.760651	0.8320924	0.8312752	0.771822	0.80240446	0.84311545	0.8266827
in/prep	0.8209984	0.76767695	0.852561	0.74676883	0.8589909	0.81878644	0.87606806	0.89227617	0.8258558	0.9056063	0.85485196	0.8349426	0.84737384	0.8166895	0.8025131	0.8086069	0.78643495	0.8145967	0.7806787	0.6001848	0.8895407	0.84177554	0.7613517	0.86477107	0.87598616	0.83314216	0.6615639	0.7353513	0.84209293	0.7640663	0.8155198	0.8024342	0.8817408	0.8760532	0.84902084	0.8092547	0.88912386	0.86597884	0.75616455	0.8443471	0.87539375	0.8219843	0.0	0.7236806	0.85079885	0.8418274	0.8979692	0.66868436	0.7454726	0.87089837	0.81658787	0.8732942	0.8221781	0.8333406	0.7123497	0.8613612	0.85973614	0.77976465	0.7836098	0.77382904	0.9081681	0.7902992	0.8719189	0.854376	0.8023163	0.8247385	0.757501	0.8338917	0.8735668	0.74908125	0.8212509	0.84562457	0.7758084	0.82849014	0.8235895	0.729712	0.8300672	0.8697177	0.8457303	0.8282659	0.8107658	0.7773791	0.85908425	0.5185182	0.80460477	0.87980926	0.8436567	0.8077496	0.68002707	0.78710127	0.89886177	0.8799457	0.88022745	0.8332647	0.8514494	0.75880253
berg/noun	0.83577645	0.7668291	0.81500757	0.841557	0.8698051	0.8539095	0.8661676	0.85188866	0.86211646	0.9320776	0.9048705	0.73203754	0.86823636	0.8576288	0.81037194	0.8164433	0.6177551	0.8491257	0.8241121	0.800881	0.89835495	0.90272456	0.7373246	0.8725993	0.7901092	0.7357109	0.7339049	0.79570407	0.8545079	0.898274	0.870268	0.8055409	0.8829677	0.93055415	0.72578573	0.91892034	0.9406152	0.74290067	0.8446601	0.8239862	0.86691695	0.77168226	0.7236806	0.0	0.7487718	0.8966928	0.95208704	0.7659583	0.72956884	0.8799794	0.8858991	0.8226976	0.78388613	0.7332908	0.85690856	0.7406243	0.8544939	0.77125263	0.742535	0.8827896	0.90962756	0.86472356	0.8496852	0.7676468	0.7113967	0.81022644	0.6666455	0.8405738	0.8675978	0.786299	0.7158523	0.86228424	0.828763	0.89383495	0.8682475	0.83954567	0.83833313	0.8343972	0.85148764	0.81442034	0.73461443	0.8000827	0.8041747	0.62933105	0.786987	0.92509925	0.83639956	0.7175251	0.749256	0.8281369	0.871078	0.7944482	0.8519726	0.8731122	0.9076026	0.83006257
pak/noun	0.86265624	0.7781824	0.80703545	0.8256389	0.8491403	0.8506621	0.835149	0.86993086	0.8374194	0.90016836	0.90430695	0.7541224	0.8882655	0.90209955	0.77453035	0.8551118	0.6604798	0.8574763	0.7813145	0.82929945	0.87603855	0.88219553	0.88956857	0.8469834	0.819689	0.7352402	0.8141426	0.80684245	0.8784847	0.86481094	0.90450984	0.77586365	0.8284905	0.9110559	0.7611753	0.9224684	0.93077135	0.7725158	0.8381232	0.8372043	0.8401097	0.77375925	0.85079885	0.7487718	0.0	0.8979461	0.9107195	0.8864617	0.7688748	0.86871856	0.8862537	0.7871899	0.71134055	0.80112386	0.8602711	0.7028841	0.7789055	0.8472568	0.8492066	0.9200647	0.8705063	0.8379845	0.8312274	0.8439262	0.7082573	0.7686179	0.8001368	0.8194381	0.864336	0.8424972	0.6026722	0.77263725	0.81684476	0.8547064	0.87345153	0.9121742	0.8167009	0.73020875	0.8138718	0.86907995	0.7106894	0.816411	0.86925656	0.8407749	0.73057556	0.936409	0.8370588	0.8080773	0.7109227	0.8558935	0.7264427	0.87792915	0.73588765	0.8025478	0.9323004	0.79534554
Japan/det	0.88307613	0.8262776	0.86548585	0.9009147	0.8461127	0.85191476	0.9162263	0.91880995	0.8238081	0.9439092	0.91194916	0.8750323	0.91143227	0.85741794	0.8587997	0.87605697	0.9212513	0.8970583	0.87627256	0.84043133	0.9026609	0.8708282	0.89258945	0.8769303	0.9116092	0.88821787	0.8606903	0.8797384	0.89931995	0.85594165	0.8102947	0.8483856	0.8716218	0.9308617	0.8938446	0.894783	0.93278986	0.9078685	0.8991418	0.8318508	0.89698476	0.8794338	0.8418274	0.8966928	0.8979461	0.0	0.9002334	0.83028483	0.8447787	0.8729335	0.82237023	0.92653453	0.8643225	0.86779267	0.8702484	0.9136211	0.84200156	0.8839021	0.84414345	0.8817222	0.88964677	0.8929925	0.86174154	0.91372347	0.8731282	0.8680315	0.8889323	0.8715223	0.87726694	0.8341546	0.91355777	0.8490356	0.862086	0.8599313	0.89566	0.7909244	0.8795713	0.92621744	0.9089354	0.9150955	0.8899063	0.7928927	0.8767423	0.85895187	0.9042182	0.89654464	0.89848846	0.8838213	0.8352021	0.846297	0.91141886	0.9293244	0.85771495	0.85910773	0.91137123	0.88125664
positief/adj	0.8377245	0.82321227	0.914136	0.9237244	0.85091096	0.87162745	0.9227073	0.84860414	0.87937945	0.937996	0.80512124	0.8900101	0.91953063	0.8597431	0.81880075	0.83924574	0.9636402	0.879807	0.83014	0.8572128	0.9028176	0.8094599	0.9266249	0.8356786	0.8577503	0.92750096	0.8876343	0.91466063	0.86795473	0.83408725	0.76893	0.7290248	0.9410244	0.9140618	0.9033356	0.93537915	0.91701436	0.94055367	0.9234625	0.91159415	0.93253684	0.91876346	0.8979692	0.95208704	0.9107195	0.9002334	0.0	0.83540004	0.8164659	0.8472985	0.86134994	0.936649	0.86663157	0.8775763	0.825951	0.9519966	0.8899243	0.86438537	0.8381468	0.86279845	0.90731174	0.8488816	0.90283865	0.9506041	0.86237675	0.83182544	0.9199461	0.8939119	0.85521936	0.8342158	0.95579314	0.8166423	0.82015103	0.84281194	0.7857184	0.79953235	0.8275272	0.9418475	0.86221164	0.96339226	0.92273635	0.8472694	0.8889817	0.938479	0.9260175	0.9097359	0.93430233	0.951218	0.7915413	0.87708443	0.94539154	0.9533083	0.82504356	0.82509077	0.86146927	0.8431901
het/det	0.7595873	0.8715158	0.8224235	0.8671351	0.8262249	0.7806963	0.86102736	0.86050093	0.8037041	0.9109304	0.81289417	0.81839484	0.8307557	0.8245846	0.76661456	0.7848137	0.7966051	0.8307949	0.82656986	0.72481024	0.8593227	0.8034929	0.7749801	0.8338617	0.83735496	0.7796395	0.74219674	0.78965133	0.8550906	0.74205565	0.78720117	0.8673604	0.894127	0.8862563	0.8295258	0.83255136	0.887535	0.83858705	0.8606547	0.8253746	0.88370055	0.8351621	0.66868436	0.7659583	0.8864617	0.83028483	0.83540004	0.0	0.708693	0.8091054	0.8145577	0.85440284	0.7929664	0.79949254	0.74688077	0.8828745	0.84653044	0.7528424	0.771843	0.75364536	0.84821093	0.7814694	0.86054444	0.8630448	0.8087926	0.83506507	0.76183283	0.834203	0.82378995	0.38728213	0.8653257	0.81702185	0.7576679	0.7725695	0.78007376	0.6379962	0.8016741	0.8725607	0.8402789	0.87024266	0.7972227	0.7553664	0.83916044	0.70559025	0.81326604	0.8471229	0.8733328	0.8133056	0.70642495	0.74247897	0.9077335	0.87012666	0.82400644	0.82802796	0.8018222	0.7878008
waardoor/pp	0.6414044	0.6468321	0.65169156	0.7820376	0.8352373	0.74635243	0.73934543	0.7818516	0.6996362	0.8684174	0.73383284	0.5898647	0.7881807	0.7919384	0.64346004	0.70849013	0.71377844	0.779762	0.70063406	0.7331021	0.7422911	0.8081323	0.8028923	0.7969547	0.8058585	0.7126999	0.7538522	0.6980028	0.68173236	0.70991087	0.71941507	0.6333044	0.82635844	0.8324578	0.69500583	0.81719327	0.78451073	0.6921353	0.79050016	0.73408914	0.7551055	0.66295755	0.7454726	0.72956884	0.7688748	0.8447787	0.8164659	0.708693	0.0	0.71371555	0.7656007	0.8107693	0.6948755	0.6616808	0.7107714	0.75557727	0.6796038	0.7391335	0.59137774	0.7796889	0.7560902	0.73159355	0.7746397	0.776649	0.67381096	0.61325216	0.6741809	0.795231	0.7305882	0.67829263	0.71433425	0.588349	0.6735946	0.71338	0.73536706	0.7136854	0.70284283	0.8298992	0.6989577	0.74883217	0.704381	0.6413896	0.77054256	0.76870275	0.73047954	0.80764353	0.8049766	0.73212546	0.61038923	0.686327	0.8556904	0.84957343	0.62402624	0.6458715	0.7696159	0.74598116
ben/verb	0.78382576	0.7273804	0.85943884	0.88230515	0.7197482	0.7682332	0.9261169	0.8469736	0.80990136	0.93316305	0.627846	0.80070865	0.87251145	0.86610556	0.7462241	0.77984565	0.8824573	0.8627011	0.7929723	0.780056	0.8498023	0.80746806	0.9100915	0.7531345	0.84455335	0.7931417	0.89199984	0.8505583	0.8563592	0.8583213	0.80228996	0.6810771	0.8878601	0.9058928	0.80951685	0.9094716	0.90167993	0.91820717	0.8887777	0.8696853	0.89633083	0.8618807	0.87089837	0.8799794	0.86871856	0.8729335	0.8472985	0.8091054	0.71371555	0.0	0.8658714	0.8621275	0.81469965	0.8383362	0.8265768	0.91236556	0.83513486	0.8852612	0.83535147	0.80830586	0.6999035	0.81280506	0.8703171	0.8956444	0.834491	0.8245768	0.9077057	0.80393434	0.8329029	0.7715825	0.87443304	0.82412636	0.7421493	0.74808335	0.80477756	0.8325019	0.7592286	0.9103714	0.8631774	0.91262746	0.8507856	0.7492813	0.8444747	0.8373336	0.8835511	0.9021847	0.8972081	0.8785453	0.7039182	0.81136346	0.9159634	0.91526246	0.6990756	0.8494804	0.8444481	0.7896967
buitenlands/adj	0.7978389	0.63430035	0.84737074	0.8594847	0.73331535	0.7991514	0.85803616	0.9148734	0.7800077	0.92333245	0.8664042	0.84373075	0.8153442	0.708038	0.76289576	0.80922526	0.93751556	0.7914755	0.7645893	0.8264065	0.88812757	0.81207204	0.82981896	0.87800384	0.8890341	0.8895077	0.8063102	0.8284852	0.8896188	0.7551142	0.6882018	0.8035763	0.93468726	0.9035491	0.87319916	0.79836816	0.7904042	0.8594144	0.8426398	0.7781141	0.92199975	0.8956637	0.81658787	0.8858991	0.8862537	0.82237023	0.86134994	0.8145577	0.7656007	0.8658714	0.0	0.9022431	0.81329954	0.8551564	0.70438474	0.9165238	0.74324393	0.84816444	0.715057	0.86072516	0.894458	0.8136648	0.80849373	0.9343922	0.9232187	0.9231608	0.9117977	0.85684365	0.8469755	0.78224194	0.94156307	0.7554793	0.7222427	0.726773	0.83030546	0.6694615	0.86645186	0.8685046	0.83065647	0.93540335	0.89458585	0.6816266	0.94149774	0.7903969	0.8996568	0.7965739	0.8824072	0.91364866	0.7724021	0.78034616	0.9496473	0.93621504	0.8223091	0.7355944	0.79813784	0.8238846
boven_haal/verb	0.86252874	0.79642105	0.7874399	0.84295243	0.8505461	0.84755063	0.8512903	0.8783463	0.8627515	0.9215597	0.8521137	0.75460654	0.8678733	0.8951681	0.80639464	0.81776446	0.79763824	0.85694766	0.8172839	0.8122401	0.8601753	0.89762324	0.8756797	0.8684077	0.89034617	0.81717885	0.7853712	0.8333315	0.8796057	0.897741	0.8885404	0.8053746	0.8878707	0.8876169	0.7566304	0.94459575	0.90217936	0.79241383	0.8726602	0.8201917	0.8546361	0.7941896	0.8732942	0.8226976	0.7871899	0.92653453	0.936649	0.85440284	0.8107693	0.8621275	0.9022431	0.0	0.71044785	0.78819454	0.86633056	0.7818768	0.8424096	0.8636178	0.8592611	0.8973241	0.8646716	0.83568627	0.8355625	0.7706089	0.8199252	0.8415914	0.8275173	0.8455414	0.87228817	0.81705606	0.77300835	0.8608695	0.8291564	0.86236745	0.8542035	0.86959064	0.8347671	0.7939022	0.8377953	0.7909501	0.77738476	0.8207567	0.8406264	0.85647875	0.8308214	0.883529	0.87404525	0.8186033	0.7287683	0.8228707	0.8656416	0.8498411	0.84748966	0.8780803	0.8804664	0.82905644
met/prep	0.7955079	0.67684984	0.74519587	0.75012714	0.8059115	0.7805718	0.7976023	0.8097912	0.79570574	0.86919594	0.827525	0.7221034	0.8379705	0.8218546	0.6670283	0.7765252	0.6968696	0.8198517	0.7474874	0.7023068	0.8378734	0.8434615	0.8417443	0.77439773	0.86115414	0.7771046	0.77226293	0.7314641	0.82083875	0.7866364	0.82283986	0.71354115	0.80641145	0.82619387	0.7419523	0.8482097	0.89310217	0.783798	0.79261386	0.79816616	0.82353127	0.7493601	0.8221781	0.78388613	0.71134055	0.8643225	0.86663157	0.7929664	0.6948755	0.81469965	0.81329954	0.71044785	0.0	0.73615456	0.71378213	0.759334	0.7606817	0.7868273	0.7458282	0.815812	0.8009829	0.74029875	0.8027463	0.7931716	0.6944017	0.67983156	0.7680051	0.7681312	0.82199407	0.72031116	0.67276	0.760761	0.7635227	0.7920878	0.7996973	0.77790654	0.7579105	0.74450964	0.8102261	0.79394877	0.66472113	0.70052505	0.8017796	0.82355523	0.7045922	0.8619815	0.8167709	0.7869488	0.548715	0.75175107	0.7947851	0.8413985	0.7759426	0.80593544	0.8431169	0.7568409
ruw/adj	0.7693354	0.7505013	0.6854664	0.8562295	0.8366941	0.7891758	0.7934238	0.7700008	0.7387811	0.90341747	0.8491846	0.6704125	0.83158696	0.8685209	0.75670475	0.78892756	0.70942533	0.8211734	0.8455167	0.75870305	0.8628014	0.8336364	0.8515281	0.7684753	0.87312776	0.7087424	0.77529025	0.8105533	0.8112625	0.826067	0.79687023	0.7514271	0.8148985	0.92637223	0.71586496	0.8880584	0.9090654	0.6664114	0.8526135	0.71578515	0.73386925	0.6444865	0.8333406	0.7332908	0.80112386	0.86779267	0.8775763	0.79949254	0.6616808	0.8383362	0.8551564	0.78819454	0.73615456	0.0	0.77316475	0.7347721	0.73998094	0.8204435	0.74138355	0.8226928	0.82005405	0.7683222	0.7832553	0.7848179	0.6533971	0.7314868	0.7801476	0.7467518	0.7884387	0.7710564	0.74397933	0.7814354	0.8181266	0.83478826	0.79403067	0.75773025	0.70523715	0.87538517	0.83662784	0.80903876	0.69826233	0.7401582	0.78593296	0.82122344	0.77993804	0.9141216	0.8628093	0.7560434	0.7247746	0.751651	0.7914987	0.8738651	0.7611701	0.82582086	0.8766897	0.8090796
verschil/adj	0.73032284	0.5640318	0.74848443	0.7226519	0.7393446	0.6494522	0.8199699	0.89154255	0.72453415	0.9141712	0.81612587	0.76000106	0.78969085	0.7769395	0.44679356	0.7950496	0.839572	0.7655624	0.6543305	0.5903842	0.8133855	0.6837547	0.84365016	0.7982013	0.903892	0.81713074	0.73622745	0.7236633	0.7688873	0.6274651	0.75448096	0.6426028	0.86210126	0.9039074	0.80586416	0.7984622	0.83122504	0.8679441	0.7553104	0.81346524	0.8353672	0.79080963	0.7123497	0.85690856	0.8602711	0.8702484	0.825951	0.74688077	0.7107714	0.8265768	0.70438474	0.86633056	0.71378213	0.77316475	0.0	0.85877943	0.7735915	0.79497606	0.7483589	0.78459835	0.8454741	0.6667041	0.8026618	0.8762373	0.8088403	0.82794446	0.85837466	0.7210138	0.76600224	0.6501627	0.8754189	0.80260885	0.52625597	0.7740237	0.67051446	0.65241456	0.7169158	0.8569781	0.8044292	0.8919049	0.79823065	0.6107044	0.8223487	0.688997	0.84102744	0.8639367	0.84314525	0.8417492	0.63142514	0.62250286	0.8769861	0.89546156	0.8455908	0.7649916	0.71051556	0.60510314
kilo/noun	0.8128176	0.80519104	0.63399816	0.76272047	0.90455407	0.8485728	0.6574128	0.8899659	0.80274796	0.8594066	0.8613652	0.47600728	0.8517145	0.92130005	0.8316317	0.7709427	0.72326255	0.7513803	0.8090524	0.87762356	0.8810028	0.9293297	0.8967967	0.8682249	0.88133997	0.73054004	0.81617916	0.7714348	0.8561644	0.9041978	0.90709704	0.85428786	0.8296616	0.8931194	0.54135156	0.91187054	0.8956829	0.33937114	0.7763385	0.6679487	0.7984524	0.58731776	0.8613612	0.7406243	0.7028841	0.9136211	0.9519966	0.8828745	0.75557727	0.91236556	0.9165238	0.7818768	0.759334	0.7347721	0.85877943	0.0	0.7475888	0.8716772	0.86446023	0.9382312	0.92637336	0.8688494	0.7146011	0.77941287	0.77468824	0.785241	0.79524374	0.82315654	0.78497016	0.82512426	0.6871315	0.6961826	0.8553876	0.8764303	0.8736119	0.8706876	0.7837042	0.79661	0.748695	0.8220612	0.7760869	0.78662604	0.8602604	0.8504056	0.8331282	0.9307857	0.85535014	0.7203179	0.7988578	0.7724117	0.87221456	0.80474156	0.7493892	0.7784592	0.86308634	0.8189267
goedkoop/adj	0.8160043	0.74661505	0.57146245	0.8778103	0.8413631	0.7238813	0.6841219	0.8953835	0.6242012	0.89976686	0.86263657	0.64545405	0.7474468	0.86374414	0.72529763	0.80305684	0.8599392	0.8483623	0.8447375	0.8667763	0.856571	0.8609405	0.814871	0.8314903	0.89414704	0.7786301	0.83740234	0.7389071	0.83366185	0.73046875	0.7867822	0.7954312	0.80349505	0.8931569	0.76977324	0.8507222	0.81171227	0.7085813	0.8789494	0.6040898	0.79300964	0.6826645	0.85973614	0.8544939	0.7789055	0.84200156	0.8899243	0.84653044	0.6796038	0.83513486	0.74324393	0.8424096	0.7606817	0.73998094	0.7735915	0.7475888	0.0	0.84574383	0.8387557	0.8984723	0.8113853	0.7663629	0.6696991	0.8700984	0.80533695	0.79425275	0.84219855	0.72504437	0.776403	0.7719289	0.8356713	0.6053996	0.7688136	0.69839257	0.86300397	0.79768497	0.7695767	0.7953085	0.78654265	0.90320414	0.76682866	0.630939	0.8995214	0.78326935	0.8443065	0.88947487	0.8467839	0.83901113	0.7296389	0.7537515	0.86331093	0.8736958	0.68636584	0.6996423	0.871844	0.81234765
op/prep	0.8272821	0.83036965	0.85017204	0.77419657	0.8997897	0.8945721	0.81479114	0.84556067	0.8549114	0.8840517	0.89676416	0.8630776	0.8672157	0.84550154	0.80945873	0.8422636	0.7562741	0.8614295	0.8009477	0.85959446	0.87893903	0.9001461	0.776668	0.86683977	0.8884933	0.83094877	0.8675141	0.8248273	0.8517434	0.82471424	0.83024174	0.8025465	0.89134204	0.8672228	0.84853625	0.9056608	0.8908987	0.8629801	0.80203474	0.8911402	0.8600191	0.84514874	0.77976465	0.77125263	0.8472568	0.8839021	0.86438537	0.7528424	0.7391335	0.8852612	0.84816444	0.8636178	0.7868273	0.8204435	0.79497606	0.8716772	0.84574383	0.0	0.84253436	0.834052	0.8694933	0.8102377	0.8820447	0.84820366	0.8191217	0.8351126	0.715567	0.8725721	0.88201755	0.8017363	0.808657	0.8357094	0.7979775	0.8276623	0.85008335	0.807251	0.8615733	0.84490174	0.86284924	0.83260256	0.74102366	0.84154207	0.86780494	0.7343786	0.7707073	0.8979945	0.8686946	0.8342938	0.6958184	0.84035414	0.86998093	0.906442	0.8543997	0.8483804	0.8873515	0.7609486
door/prep	0.5541385	0.543795	0.81749403	0.7848033	0.75293267	0.78571606	0.8809953	0.801546	0.82118094	0.8973941	0.8166691	0.7731789	0.8586552	0.78198224	0.7139552	0.7573382	0.80016583	0.72175974	0.73610973	0.7495308	0.8040353	0.80414176	0.83904207	0.79867935	0.823642	0.79446757	0.75424033	0.7995789	0.80411243	0.8138724	0.69736123	0.7245445	0.8759862	0.8936663	0.7752429	0.8110417	0.8447912	0.83584726	0.7955719	0.8241601	0.86502874	0.80050117	0.7836098	0.742535	0.8492066	0.84414345	0.8381468	0.771843	0.59137774	0.83535147	0.715057	0.8592611	0.7458282	0.74138355	0.7483589	0.86446023	0.8387557	0.84253436	0.0	0.7668209	0.8516983	0.77254647	0.84522957	0.86057484	0.7790904	0.74674916	0.8090806	0.83238584	0.794693	0.721614	0.8036666	0.7895091	0.75950444	0.79862833	0.77673346	0.68627936	0.78683645	0.85092247	0.80433017	0.8191319	0.807986	0.67795545	0.81246305	0.7809955	0.8205196	0.74120176	0.76626754	0.7823242	0.6704687	0.79072714	0.92139447	0.8787303	0.802619	0.8158722	0.7479955	0.8130543
val_samen/verb	0.8635398	0.7818165	0.87577957	0.8807938	0.8203025	0.7710645	0.9079134	0.89268136	0.8316193	0.92485094	0.82439065	0.86833465	0.8997711	0.83881104	0.77249527	0.84004825	0.85592306	0.8510671	0.83328104	0.7207601	0.86937094	0.8171372	0.85267687	0.76395047	0.87809885	0.872789	0.8443061	0.87474954	0.85606307	0.7406857	0.7961792	0.7614291	0.9029641	0.8851544	0.82928216	0.865042	0.8875113	0.9361471	0.87876284	0.8737022	0.91129434	0.8640438	0.77382904	0.8827896	0.9200647	0.8817222	0.86279845	0.75364536	0.7796889	0.80830586	0.86072516	0.8973241	0.815812	0.8226928	0.78459835	0.9382312	0.8984723	0.834052	0.7668209	0.0	0.83753735	0.76405466	0.91711	0.91969436	0.83949476	0.8443489	0.8645074	0.8439298	0.8549485	0.7926953	0.9142789	0.8675878	0.7947988	0.7337458	0.7734407	0.60187346	0.7589408	0.896616	0.8668886	0.9155787	0.8526405	0.724161	0.8690601	0.86558175	0.8458402	0.81403637	0.91429806	0.9034312	0.7065871	0.8086777	0.9315787	0.94239163	0.86613935	0.8529991	0.82745874	0.7900617
maak/verb	0.8589865	0.81359595	0.7787211	0.9409795	0.84330165	0.8287035	0.9257222	0.89025325	0.808075	0.9625698	0.7882379	0.8510466	0.8808437	0.9040349	0.76451516	0.83912367	0.87535703	0.89929366	0.86314476	0.78495234	0.8761129	0.85830057	0.89639604	0.81967854	0.8977397	0.79799646	0.8747257	0.8482104	0.8776148	0.85532963	0.86344063	0.7826228	0.902519	0.91230494	0.8689825	0.9067471	0.9093573	0.9293258	0.93502635	0.8611886	0.8916228	0.88746655	0.9081681	0.90962756	0.8705063	0.88964677	0.90731174	0.84821093	0.7560902	0.6999035	0.894458	0.8646716	0.8009829	0.82005405	0.8454741	0.92637336	0.8113853	0.8694933	0.8516983	0.83753735	0.0	0.8312645	0.893173	0.89733094	0.8487511	0.85974085	0.9150702	0.824756	0.8735994	0.8256912	0.88893443	0.8270813	0.83035094	0.8087829	0.8311356	0.8161404	0.8147414	0.88320935	0.8632093	0.93419594	0.8127848	0.7798588	0.86986	0.9070422	0.8546441	0.91239893	0.93326145	0.910353	0.7146623	0.83567667	0.9062637	0.884732	0.77257633	0.87141526	0.88267875	0.81866455
gebruikelijk/adj	0.7939162	0.6949653	0.8096809	0.83003193	0.76785624	0.7139634	0.83066887	0.85949093	0.78366256	0.9056599	0.8001331	0.79541117	0.8544158	0.8643004	0.6338658	0.784169	0.832461	0.80646825	0.7844013	0.6961905	0.83057165	0.78146386	0.8671351	0.7495525	0.8638554	0.8085253	0.8091934	0.7929809	0.8232925	0.76062584	0.77633965	0.6834048	0.87877303	0.8754375	0.80608743	0.86514854	0.82462966	0.8689515	0.8417127	0.8350575	0.8795837	0.80307245	0.7902992	0.86472356	0.8379845	0.8929925	0.8488816	0.7814694	0.73159355	0.81280506	0.8136648	0.83568627	0.74029875	0.7683222	0.6667041	0.8688494	0.7663629	0.8102377	0.77254647	0.76405466	0.8312645	0.0	0.82839954	0.901456	0.78090656	0.7926612	0.83299994	0.80309606	0.8394987	0.7314782	0.8442187	0.759144	0.6799153	0.7387831	0.76782596	0.7136618	0.736462	0.7983831	0.8029158	0.91408837	0.7737644	0.6843941	0.8655181	0.80912304	0.80045944	0.8312845	0.87916356	0.88342357	0.62453187	0.75918543	0.8881755	0.91397166	0.8211606	0.80010885	0.8083286	0.7181189
ge√Ømporteerd/adj	0.82448304	0.77470624	0.6514214	0.88502306	0.854199	0.7807857	0.8080646	0.907665	0.76800436	0.93134785	0.8737433	0.6543832	0.8080277	0.89970005	0.78054786	0.8003366	0.8349605	0.7911604	0.85045266	0.85039765	0.8803749	0.87317145	0.90675735	0.86740375	0.9181498	0.82276124	0.8132715	0.83091336	0.8662987	0.8654264	0.8370711	0.84766775	0.9078057	0.92520076	0.7403175	0.89732677	0.86575377	0.7102089	0.8895207	0.5358892	0.86987054	0.7536995	0.8719189	0.8496852	0.8312274	0.86174154	0.90283865	0.86054444	0.7746397	0.8703171	0.80849373	0.8355625	0.8027463	0.7832553	0.8026618	0.7146011	0.6696991	0.8820447	0.84522957	0.91711	0.893173	0.82839954	0.0	0.8490427	0.82898897	0.8330997	0.8785281	0.7887803	0.69205177	0.80265427	0.8434218	0.7299282	0.80943334	0.85278547	0.84758353	0.81740534	0.7972508	0.86450154	0.8190117	0.9095942	0.8111036	0.7341094	0.9010847	0.8164916	0.88708264	0.92115915	0.91659874	0.8042935	0.81246716	0.77938175	0.8669441	0.88738453	0.8138242	0.79644215	0.8609057	0.84109145
verroest/adj	0.87323034	0.8528412	0.79826593	0.85470676	0.9002615	0.8852739	0.8820805	0.9075127	0.88031316	0.9486621	0.911371	0.7904787	0.8730825	0.9099279	0.838382	0.85621953	0.72317517	0.85948944	0.8432888	0.8551695	0.87896633	0.9327265	0.88426757	0.9100359	0.895349	0.77776176	0.7682817	0.82611084	0.858783	0.8711529	0.9364844	0.84681493	0.8191024	0.9183551	0.75364816	0.92999345	0.93759024	0.76191026	0.8885738	0.83906686	0.73437184	0.77150315	0.854376	0.7676468	0.8439262	0.91372347	0.9506041	0.8630448	0.776649	0.8956444	0.9343922	0.7706089	0.7931716	0.7848179	0.8762373	0.77941287	0.8700984	0.84820366	0.86057484	0.91969436	0.89733094	0.901456	0.8490427	0.0	0.832254	0.85007644	0.78978777	0.85890085	0.8960405	0.826291	0.7576026	0.90225387	0.8702524	0.9194165	0.90828854	0.86408037	0.8830432	0.8821137	0.88391477	0.7287228	0.7385013	0.8448093	0.7555381	0.8200405	0.80134964	0.95507973	0.7899429	0.7614502	0.7585337	0.80438423	0.8159619	0.7870984	0.9093869	0.91084474	0.8921061	0.8706617
zacht/adj	0.8591366	0.8075536	0.73709476	0.9070703	0.85392815	0.7722626	0.9057369	0.7436938	0.8043528	0.94764674	0.90908694	0.7314211	0.8896965	0.88273764	0.7836797	0.83341205	0.586552	0.8868963	0.85815966	0.7604299	0.8776612	0.8717607	0.84929	0.7725079	0.8701839	0.68802595	0.7871775	0.7854508	0.800282	0.8616123	0.86095756	0.7814281	0.83618575	0.92283577	0.7941047	0.91570663	0.9431604	0.82120275	0.9194792	0.8263985	0.79316586	0.6393527	0.8023163	0.7113967	0.7082573	0.8731282	0.86237675	0.8087926	0.67381096	0.834491	0.9232187	0.8199252	0.6944017	0.6533971	0.8088403	0.77468824	0.80533695	0.8191217	0.7790904	0.83949476	0.8487511	0.78090656	0.82898897	0.832254	0.0	0.5904919	0.73438597	0.7256489	0.8179577	0.8109926	0.6145029	0.82440466	0.8528714	0.8657156	0.8438932	0.8488357	0.6562144	0.8312811	0.84658283	0.83412844	0.648834	0.77769303	0.81545377	0.822533	0.6680748	0.94646883	0.8881269	0.7425436	0.7131688	0.8355507	0.7641356	0.88911986	0.73085964	0.8603364	0.9313123	0.82630813
licht/adj	0.82729596	0.80272055	0.7562032	0.8374974	0.8843958	0.8241053	0.8359784	0.8190733	0.8408115	0.8657241	0.8520556	0.73108494	0.8920921	0.89108324	0.79484594	0.8125538	0.7397466	0.8609658	0.7735438	0.8108866	0.8419801	0.8771097	0.86276186	0.79414773	0.8669957	0.7720051	0.814095	0.74626935	0.8354714	0.887868	0.8188388	0.79436374	0.8163427	0.9117347	0.7548085	0.9057812	0.91733205	0.77697814	0.8578799	0.84802264	0.80157244	0.7330602	0.8247385	0.81022644	0.7686179	0.8680315	0.83182544	0.83506507	0.61325216	0.8245768	0.9231608	0.8415914	0.67983156	0.7314868	0.82794446	0.785241	0.79425275	0.8351126	0.74674916	0.8443489	0.85974085	0.7926612	0.8330997	0.85007644	0.5904919	0.0	0.751456	0.8316399	0.86962914	0.8407906	0.7332517	0.75849384	0.8630587	0.8586071	0.8528628	0.81220174	0.760443	0.8431851	0.8316266	0.78281903	0.76596534	0.7884977	0.8068901	0.8622705	0.7906773	0.90469915	0.82911587	0.7746081	0.67456734	0.8129735	0.8093578	0.87147564	0.71281576	0.8144952	0.8980752	0.8532414
boven/prep	0.8893237	0.8243195	0.8120861	0.8067164	0.89019895	0.8787529	0.7562781	0.8717349	0.8854768	0.8439082	0.9144924	0.8082308	0.88282347	0.8740891	0.87037385	0.8247194	0.6271285	0.8920832	0.8281269	0.8162916	0.9057893	0.8980041	0.79794085	0.8849731	0.8927403	0.79590905	0.783588	0.7586119	0.80447775	0.8707721	0.88370794	0.82894266	0.89876425	0.9083918	0.8012785	0.920087	0.89517254	0.77533996	0.80965424	0.85440403	0.8351178	0.7839396	0.757501	0.6666455	0.8001368	0.8889323	0.9199461	0.76183283	0.6741809	0.9077057	0.9117977	0.8275173	0.7680051	0.7801476	0.85837466	0.79524374	0.84219855	0.715567	0.8090806	0.8645074	0.9150702	0.83299994	0.8785281	0.78978777	0.73438597	0.751456	0.0	0.8908801	0.9160353	0.7944058	0.69154286	0.79573077	0.82191396	0.87392473	0.88697976	0.79329777	0.8290695	0.8505172	0.86041176	0.7751294	0.71638876	0.82064927	0.8063724	0.70217854	0.69667995	0.91186965	0.84666526	0.76507825	0.7091739	0.7998503	0.83621866	0.8863039	0.8105355	0.8239329	0.91959774	0.8173171
ambachtelijk/adj	0.8304375	0.74597347	0.70770884	0.9037401	0.7979305	0.70459986	0.90056646	0.8806288	0.6544297	0.95108277	0.8771606	0.7699788	0.7877382	0.84302753	0.7000421	0.84159106	0.8014647	0.8823736	0.8275526	0.7399124	0.85266733	0.82466817	0.87815803	0.71888816	0.88422066	0.746686	0.7963675	0.796794	0.85488033	0.7900802	0.8458363	0.7801242	0.8374381	0.92439115	0.80711937	0.81498075	0.8998145	0.82287574	0.9112603	0.77492505	0.8149029	0.7519463	0.8338917	0.8405738	0.8194381	0.8715223	0.8939119	0.834203	0.795231	0.80393434	0.85684365	0.8455414	0.7681312	0.7467518	0.7210138	0.82315654	0.72504437	0.8725721	0.83238584	0.8439298	0.824756	0.80309606	0.7887803	0.85890085	0.7256489	0.8316399	0.8908801	0.0	0.782437	0.75326955	0.8268888	0.7945571	0.79178053	0.79147685	0.80987966	0.79886186	0.68177676	0.8455923	0.8626423	0.88460237	0.7639137	0.70188457	0.86626494	0.7587231	0.8118458	0.93297726	0.9055041	0.8525907	0.7385988	0.7790886	0.84562194	0.87883484	0.79410684	0.8137368	0.87456864	0.80257654
gemanipuleerd/adj	0.7732239	0.74960375	0.6603059	0.90818995	0.83357906	0.7456883	0.895322	0.90134543	0.7520795	0.9205942	0.79652464	0.70420885	0.8558521	0.85530674	0.70180017	0.7944257	0.85544646	0.7967224	0.8495787	0.7964686	0.8684795	0.8478912	0.91196644	0.8299403	0.8958216	0.82589257	0.82033443	0.8238052	0.8077276	0.82216585	0.78659445	0.79992795	0.8736417	0.92713845	0.7900192	0.8779814	0.90480113	0.782004	0.9059852	0.7431313	0.8613459	0.74384755	0.8735668	0.8675978	0.864336	0.87726694	0.85521936	0.82378995	0.7305882	0.8329029	0.8469755	0.87228817	0.82199407	0.7884387	0.76600224	0.78497016	0.776403	0.88201755	0.794693	0.8549485	0.8735994	0.8394987	0.69205177	0.8960405	0.8179577	0.86962914	0.9160353	0.782437	0.0	0.7699135	0.8671025	0.76925224	0.7837622	0.7948256	0.76401293	0.7856193	0.76012063	0.8717629	0.77575624	0.8972543	0.83356774	0.69902813	0.8772715	0.8654491	0.8791692	0.8830168	0.90299106	0.8375401	0.80273473	0.7689292	0.89907503	0.9246482	0.8218324	0.8134225	0.80590284	0.82145756
dat/pron	0.70752525	0.6203908	0.6872453	0.8177478	0.74974006	0.689187	0.84060466	0.8936751	0.7037544	0.9138046	0.79729164	0.7278468	0.7694159	0.8163222	0.6364926	0.7729272	0.800497	0.7990078	0.7922116	0.593623	0.82127047	0.7356653	0.86305654	0.79505503	0.82294863	0.7369442	0.74284726	0.71109664	0.80804396	0.69091153	0.7917089	0.8155185	0.86264944	0.90557593	0.76568365	0.8163303	0.86588806	0.7746986	0.82765657	0.77621806	0.8271313	0.78964555	0.74908125	0.786299	0.8424972	0.8341546	0.8342158	0.38728213	0.67829263	0.7715825	0.78224194	0.81705606	0.72031116	0.7710564	0.6501627	0.82512426	0.7719289	0.8017363	0.721614	0.7926953	0.8256912	0.7314782	0.80265427	0.826291	0.8109926	0.8407906	0.7944058	0.75326955	0.7699135	0.0	0.82195365	0.7621336	0.70406854	0.7566104	0.7325182	0.71217734	0.7452825	0.84265745	0.8060784	0.86299497	0.7820753	0.6610567	0.79811776	0.729347	0.7960639	0.8621281	0.8469185	0.80676293	0.5859494	0.6240125	0.8710516	0.8503692	0.78192836	0.76252764	0.78213525	0.73510045
dik/adj	0.88841736	0.8045205	0.77135235	0.82390624	0.8760315	0.8596278	0.8426392	0.83615	0.8626689	0.8802321	0.8878148	0.75880474	0.9021203	0.9120885	0.82761025	0.864524	0.46126598	0.8794213	0.8362927	0.819174	0.87460035	0.90614766	0.91370976	0.8722537	0.8739122	0.7159492	0.7839542	0.76908904	0.8574784	0.895769	0.9163623	0.8069501	0.81428	0.9307538	0.76966345	0.94167167	0.95036364	0.76565826	0.8475573	0.8502902	0.7368516	0.67888737	0.8212509	0.7158523	0.6026722	0.91355777	0.95579314	0.8653257	0.71433425	0.87443304	0.94156307	0.77300835	0.67276	0.74397933	0.8754189	0.6871315	0.8356713	0.808657	0.8036666	0.9142789	0.88893443	0.8442187	0.8434218	0.7576026	0.6145029	0.7332517	0.69154286	0.8268888	0.8671025	0.82195365	0.0	0.82899463	0.8671856	0.91692305	0.8756627	0.8901582	0.827399	0.7976482	0.81782246	0.7471428	0.604928	0.8219808	0.7914564	0.8449507	0.64380336	0.96839094	0.82847214	0.69563746	0.70351243	0.80371034	0.72158307	0.8408138	0.80847263	0.8638679	0.9302249	0.82778805
minder/det	0.79814285	0.671998	0.65444255	0.79528105	0.8279407	0.7216442	0.59776455	0.8498635	0.7202755	0.7997583	0.8043249	0.6175659	0.8191199	0.8408893	0.7283554	0.78089744	0.8636173	0.8158611	0.7451818	0.8313937	0.84003717	0.83790445	0.8609375	0.7864914	0.8149106	0.8211076	0.83551025	0.7513257	0.8301077	0.80915964	0.7023971	0.7357981	0.8785982	0.8621688	0.7745346	0.8471571	0.7482519	0.6391853	0.775209	0.69188094	0.8701569	0.7409167	0.84562457	0.86228424	0.77263725	0.8490356	0.8166423	0.81702185	0.588349	0.82412636	0.7554793	0.8608695	0.760761	0.7814354	0.80260885	0.6961826	0.6053996	0.8357094	0.7895091	0.8675878	0.8270813	0.759144	0.7299282	0.90225387	0.82440466	0.75849384	0.79573077	0.7945571	0.76925224	0.7621336	0.82899463	0.0	0.6932483	0.6810342	0.8286852	0.7490197	0.7516047	0.8395362	0.7133063	0.8895899	0.83886963	0.6432418	0.87802416	0.8179795	0.8784112	0.8266075	0.87293655	0.8323025	0.77419436	0.7543208	0.91874367	0.8836544	0.4140877	0.28325927	0.82977164	0.7516481
alle/det	0.7079221	0.58447224	0.78608423	0.754452	0.7516167	0.69117165	0.79729706	0.873781	0.7478484	0.86906374	0.7709293	0.7604641	0.82476026	0.7593748	0.5156162	0.72082824	0.84296477	0.72980976	0.662717	0.6823391	0.8187377	0.7452915	0.84623283	0.7764958	0.7919761	0.8537984	0.75079125	0.7758805	0.82908356	0.7200757	0.7434491	0.6004805	0.8841168	0.8389612	0.7774657	0.82197046	0.76954406	0.8451468	0.75711024	0.80048954	0.8908185	0.8372653	0.7758084	0.828763	0.81684476	0.862086	0.82015103	0.7576679	0.6735946	0.7421493	0.7222427	0.8291564	0.7635227	0.8181266	0.52625597	0.8553876	0.7688136	0.7979775	0.75950444	0.7947988	0.83035094	0.6799153	0.80943334	0.8702524	0.8528714	0.8630587	0.82191396	0.79178053	0.7837622	0.70406854	0.8671856	0.6932483	0.0	0.668872	0.72142255	0.6849076	0.7598723	0.8164937	0.76090527	0.878359	0.83106786	0.6165826	0.8735539	0.74761486	0.83957964	0.7697369	0.83480483	0.84566814	0.729386	0.69637907	0.9049243	0.8686007	0.7906744	0.63604	0.7479018	0.52624094
voor/prep	0.78807044	0.6950052	0.8024785	0.77452564	0.71123046	0.7470193	0.7745957	0.86930203	0.7168517	0.9000475	0.8172441	0.8086722	0.7996657	0.79554516	0.7110852	0.79706186	0.8926172	0.8490312	0.77761745	0.7871196	0.84420055	0.80448323	0.83344287	0.802952	0.81133914	0.8614086	0.84740365	0.82283205	0.8687998	0.6932684	0.73017037	0.73933244	0.86460435	0.8209127	0.85571676	0.759953	0.7346939	0.80453527	0.77366084	0.82996726	0.89727217	0.84844255	0.82849014	0.89383495	0.8547064	0.8599313	0.84281194	0.7725695	0.71338	0.74808335	0.726773	0.86236745	0.7920878	0.83478826	0.7740237	0.8764303	0.69839257	0.8276623	0.79862833	0.7337458	0.8087829	0.7387831	0.85278547	0.9194165	0.8657156	0.8586071	0.87392473	0.79147685	0.7948256	0.7566104	0.91692305	0.6810342	0.668872	0.0	0.83603084	0.6444977	0.7912915	0.7747727	0.77615964	0.9269983	0.8584875	0.638453	0.8967207	0.81617934	0.83943194	0.7043117	0.8915596	0.8903472	0.6439372	0.7589147	0.9308212	0.89230627	0.7430918	0.6767162	0.8068939	0.7407714
analyseer/verb	0.75938255	0.69979954	0.7709455	0.8796331	0.78183496	0.7342669	0.89088583	0.8668078	0.77627337	0.90568084	0.71358347	0.755828	0.84512264	0.87268865	0.66918874	0.76950675	0.866135	0.7937066	0.7891022	0.6575613	0.824343	0.7458336	0.8848797	0.7680626	0.8810717	0.8001617	0.79765695	0.84616494	0.75877315	0.8092714	0.76402146	0.6991646	0.9075948	0.8869145	0.77939	0.87262625	0.8763421	0.87541246	0.88829905	0.8531276	0.8555685	0.8113657	0.8235895	0.8682475	0.87345153	0.89566	0.7857184	0.78007376	0.73536706	0.80477756	0.83030546	0.8542035	0.7996973	0.79403067	0.67051446	0.8736119	0.86300397	0.85008335	0.77673346	0.7734407	0.8311356	0.76782596	0.84758353	0.90828854	0.8438932	0.8528628	0.88697976	0.80987966	0.76401293	0.7325182	0.8756627	0.8286852	0.72142255	0.83603084	0.0	0.74737406	0.72691447	0.89061344	0.8278434	0.89397573	0.8411733	0.70332134	0.82597274	0.87532693	0.86625946	0.90071404	0.89979446	0.8553263	0.71669006	0.7516903	0.90352035	0.89863926	0.825078	0.8258132	0.60292244	0.7353591
van/prep	0.8435104	0.6741097	0.7896918	0.78175044	0.71392095	0.74816203	0.8118738	0.8670298	0.7324699	0.8460019	0.7672174	0.80029035	0.7881779	0.7353865	0.7236724	0.74692893	0.8195883	0.74059385	0.7693266	0.69552255	0.84530514	0.7244115	0.80751675	0.76888996	0.84463286	0.8298673	0.70670897	0.770982	0.8049568	0.6346139	0.67796373	0.7174389	0.87922853	0.8562568	0.80531573	0.7590908	0.7713398	0.8202325	0.78579515	0.7652816	0.87038803	0.8298224	0.729712	0.83954567	0.9121742	0.7909244	0.79953235	0.6379962	0.7136854	0.8325019	0.6694615	0.86959064	0.77790654	0.75773025	0.65241456	0.8706876	0.79768497	0.807251	0.68627936	0.60187346	0.8161404	0.7136618	0.81740534	0.86408037	0.8488357	0.81220174	0.79329777	0.79886186	0.7856193	0.71217734	0.8901582	0.7490197	0.6849076	0.6444977	0.74737406	0.0	0.7393892	0.8502971	0.7905859	0.87351	0.8211467	0.5952443	0.8566137	0.77343726	0.81569475	0.6683316	0.85468566	0.82988334	0.63465375	0.5255972	0.91885036	0.8972515	0.8380966	0.74211526	0.67663425	0.7611341
zuiver/adj	0.8319205	0.7203655	0.7060013	0.8931911	0.74246323	0.6826598	0.86647683	0.8006047	0.70612895	0.89997274	0.8298642	0.69592893	0.854282	0.8298295	0.68497604	0.7783271	0.80012715	0.8444162	0.84081846	0.6966087	0.847912	0.7938731	0.87711656	0.4298895	0.8437336	0.77823365	0.8011021	0.8357076	0.8186432	0.8195618	0.75965995	0.7178056	0.8648782	0.8776045	0.7480482	0.84745663	0.86466736	0.7963868	0.8977209	0.7727111	0.82345563	0.69652045	0.8300672	0.83833313	0.8167009	0.8795713	0.8275272	0.8016741	0.70284283	0.7592286	0.86645186	0.8347671	0.7579105	0.70523715	0.7169158	0.7837042	0.7695767	0.8615733	0.78683645	0.7589408	0.8147414	0.736462	0.7972508	0.8830432	0.6562144	0.760443	0.8290695	0.68177676	0.76012063	0.7452825	0.827399	0.7516047	0.7598723	0.7912915	0.72691447	0.7393892	0.0	0.85828155	0.81033313	0.87520313	0.77677274	0.6598369	0.812526	0.8474497	0.7906437	0.8905227	0.9004879	0.8470247	0.70126176	0.769038	0.86137325	0.9132271	0.73125374	0.7907155	0.8225774	0.7712942
deel_uit/verb	0.872359	0.78587043	0.81644547	0.8170488	0.8388132	0.8595831	0.8178613	0.85085696	0.88912946	0.89916575	0.88766205	0.7998313	0.87738615	0.8565236	0.8035724	0.8108486	0.79107296	0.8414231	0.7810565	0.8422587	0.94421357	0.9051641	0.87449193	0.90191	0.90133107	0.85923237	0.84157234	0.8160795	0.9112438	0.88122684	0.87551856	0.8537379	0.9126824	0.85627323	0.79419124	0.91185313	0.8824452	0.81667584	0.8237996	0.8230998	0.9219458	0.8294797	0.8697177	0.8343972	0.73020875	0.92621744	0.9418475	0.8725607	0.8298992	0.9103714	0.8685046	0.7939022	0.74450964	0.87538517	0.8569781	0.79661	0.7953085	0.84490174	0.85092247	0.896616	0.88320935	0.7983831	0.86450154	0.8821137	0.8312811	0.8431851	0.8505172	0.8455923	0.8717629	0.84265745	0.7976482	0.8395362	0.8164937	0.7747727	0.89061344	0.8502971	0.85828155	0.0	0.78176093	0.8833556	0.82597005	0.80266684	0.9197939	0.8320146	0.8280213	0.8253443	0.9069749	0.86082995	0.6849617	0.826679	0.9097107	0.85875	0.86272824	0.85319144	0.90071416	0.76688534
krijg_binnen/verb	0.8276095	0.74079293	0.7170053	0.8330855	0.8668633	0.81477565	0.7145276	0.9020647	0.81536573	0.8860322	0.77926594	0.6858581	0.85869455	0.8759621	0.7625601	0.8021183	0.8361549	0.74565876	0.76237583	0.8350761	0.887723	0.8667559	0.8642384	0.8645781	0.8771672	0.85681736	0.8184235	0.82361317	0.8812623	0.85293645	0.8379745	0.81200576	0.9050875	0.8891918	0.7861114	0.85676086	0.8107563	0.7397691	0.81837904	0.76746523	0.90169877	0.7518572	0.8457303	0.85148764	0.8138718	0.9089354	0.86221164	0.8402789	0.6989577	0.8631774	0.83065647	0.8377953	0.8102261	0.83662784	0.8044292	0.748695	0.78654265	0.86284924	0.80433017	0.8668886	0.8632093	0.8029158	0.8190117	0.88391477	0.84658283	0.8316266	0.86041176	0.8626423	0.77575624	0.8060784	0.81782246	0.7133063	0.76090527	0.77615964	0.8278434	0.7905859	0.81033313	0.78176093	0.0	0.8722352	0.85584366	0.7406595	0.899507	0.82095957	0.86924124	0.8387913	0.8826661	0.81499815	0.74086	0.77081573	0.9194555	0.8869735	0.7558217	0.752463	0.72283995	0.7673075
doorboor/verb	0.8681069	0.81889904	0.8388266	0.8352535	0.89115167	0.8860838	0.91127634	0.8951634	0.9023739	0.9453509	0.89794487	0.8378244	0.90222186	0.9171347	0.87810284	0.8494961	0.7218429	0.85471684	0.81680244	0.86498886	0.84518206	0.9274759	0.89058495	0.90884155	0.8991208	0.8240713	0.8078091	0.8379532	0.8653809	0.92241406	0.92558986	0.8882557	0.8498513	0.8936111	0.7898808	0.9325868	0.92845523	0.84460425	0.87137866	0.9017813	0.81786823	0.8236131	0.8282659	0.81442034	0.86907995	0.9150955	0.96339226	0.87024266	0.74883217	0.91262746	0.93540335	0.7909501	0.79394877	0.80903876	0.8919049	0.8220612	0.90320414	0.83260256	0.8191319	0.9155787	0.93419594	0.91408837	0.9095942	0.7287228	0.83412844	0.78281903	0.7751294	0.88460237	0.8972543	0.86299497	0.7471428	0.8895899	0.878359	0.9269983	0.89397573	0.87351	0.87520313	0.8833556	0.8722352	0.0	0.75578004	0.8474154	0.7934941	0.84533	0.8064644	0.9004824	0.81012	0.7157633	0.7672367	0.84069914	0.8356982	0.86331326	0.9014797	0.9074695	0.8786002	0.88406587
plat/adj	0.84380746	0.7847545	0.75597775	0.8463018	0.8384316	0.784773	0.8600966	0.7751372	0.80160815	0.94046676	0.9027594	0.78205633	0.8470021	0.85520816	0.7585805	0.8296231	0.57984084	0.8636761	0.8203249	0.7557042	0.8583704	0.86295724	0.8423996	0.7703789	0.8556227	0.7053962	0.76866114	0.7277581	0.8052734	0.83332634	0.8665657	0.7760818	0.81373364	0.9063722	0.7688034	0.89209306	0.89836	0.81054956	0.8806716	0.8346842	0.75043917	0.7222667	0.8107658	0.73461443	0.7106894	0.8899063	0.92273635	0.7972227	0.704381	0.8507856	0.89458585	0.77738476	0.66472113	0.69826233	0.79823065	0.7760869	0.76682866	0.74102366	0.807986	0.8526405	0.8127848	0.7737644	0.8111036	0.7385013	0.648834	0.76596534	0.71638876	0.7639137	0.83356774	0.7820753	0.604928	0.83886963	0.83106786	0.8584875	0.8411733	0.8211467	0.77677274	0.82597005	0.85584366	0.75578004	0.0	0.76466644	0.76506776	0.78768075	0.62803435	0.9315506	0.83109736	0.7674991	0.66882783	0.7732815	0.7551569	0.818953	0.8288191	0.88073957	0.9066504	0.77730274
zoals/prep	0.8187084	0.52127683	0.6339034	0.8469354	0.5938672	0.33357257	0.845541	0.84661514	0.6082988	0.913955	0.78777885	0.67200255	0.76824296	0.78985196	0.47127062	0.731233	0.7879844	0.7493131	0.73439753	0.63277745	0.783718	0.7279483	0.8667137	0.7040792	0.8531803	0.7652979	0.7228849	0.6791788	0.76343083	0.6960325	0.61382604	0.70570606	0.8210221	0.8549295	0.7194267	0.74318933	0.7482399	0.7722689	0.85409915	0.65288347	0.8137928	0.7376059	0.7773791	0.8000827	0.816411	0.7928927	0.8472694	0.7553664	0.6413896	0.7492813	0.6816266	0.8207567	0.70052505	0.7401582	0.6107044	0.78662604	0.630939	0.84154207	0.67795545	0.724161	0.7798588	0.6843941	0.7341094	0.8448093	0.77769303	0.7884977	0.82064927	0.70188457	0.69902813	0.6610567	0.8219808	0.6432418	0.6165826	0.638453	0.70332134	0.5952443	0.6598369	0.80266684	0.7406595	0.8474154	0.76466644	0.0	0.81203806	0.7221477	0.8105093	0.76300097	0.85148746	0.80342746	0.583551	0.6354023	0.8503592	0.8695344	0.7255589	0.6911756	0.67680675	0.7406352
verwrongen/adj	0.86120164	0.7763365	0.846754	0.9010628	0.83850056	0.83481854	0.9247778	0.8723257	0.8682768	0.9619055	0.89633495	0.83556193	0.8996522	0.91333514	0.7996365	0.84808236	0.75528294	0.87681776	0.8704056	0.76775706	0.85546553	0.87056893	0.9035005	0.81136787	0.8463674	0.7944176	0.78946984	0.86769223	0.83183336	0.88623226	0.88392717	0.7569685	0.86582345	0.9104204	0.8372136	0.9383927	0.9436626	0.8330078	0.9134653	0.8971911	0.79312766	0.8288992	0.85908425	0.8041747	0.86925656	0.8767423	0.8889817	0.83916044	0.77054256	0.8444747	0.94149774	0.8406264	0.8017796	0.78593296	0.8223487	0.8602604	0.8995214	0.86780494	0.81246305	0.8690601	0.86986	0.8655181	0.9010847	0.7555381	0.81545377	0.8068901	0.8063724	0.86626494	0.8772715	0.79811776	0.7914564	0.87802416	0.8735539	0.8967207	0.82597274	0.8566137	0.812526	0.9197939	0.899507	0.7934941	0.76506776	0.81203806	0.0	0.86688197	0.83199203	0.9476554	0.81355906	0.7408513	0.748525	0.8311659	0.8468139	0.8372902	0.88208294	0.88051134	0.8884471	0.8528805
waar/adv	0.8008522	0.66419315	0.80290806	0.79511523	0.79197305	0.7729778	0.8439102	0.8798066	0.82096237	0.9324491	0.9102558	0.8156836	0.80854553	0.81165355	0.7648449	0.8201705	0.7574488	0.7906596	0.768268	0.6981398	0.8833843	0.8403068	0.69041336	0.89005625	0.88906556	0.8337912	0.72996527	0.67525816	0.8566593	0.7885183	0.8453578	0.8200517	0.8798979	0.9284361	0.81161773	0.8056387	0.88141036	0.83585876	0.78847003	0.7663487	0.8809505	0.8281738	0.5185182	0.62933105	0.8407749	0.85895187	0.938479	0.70559025	0.76870275	0.8373336	0.7903969	0.85647875	0.82355523	0.82122344	0.688997	0.8504056	0.78326935	0.7343786	0.7809955	0.86558175	0.9070422	0.80912304	0.8164916	0.8200405	0.822533	0.8622705	0.70217854	0.7587231	0.8654491	0.729347	0.8449507	0.8179795	0.74761486	0.81617934	0.87532693	0.77343726	0.8474497	0.8320146	0.82095957	0.84533	0.78768075	0.7221477	0.86688197	0.0	0.8028191	0.88825786	0.82394516	0.77505016	0.6900249	0.7643719	0.8740848	0.86084133	0.8521603	0.81929654	0.85019517	0.7424705
rond/adj	0.88360786	0.82066244	0.83509606	0.8191392	0.86977315	0.8405242	0.87127274	0.82370734	0.8723328	0.9370635	0.9180536	0.8593384	0.8774432	0.8859056	0.7768945	0.87545955	0.61966324	0.89513475	0.84529114	0.7836693	0.89034736	0.88856876	0.82937384	0.84848064	0.88120866	0.78353703	0.807246	0.71104515	0.81644773	0.80723494	0.90589243	0.7969349	0.833678	0.9168401	0.8502759	0.87938	0.9125476	0.85009205	0.8433051	0.885078	0.7746629	0.77912736	0.80460477	0.786987	0.73057556	0.9042182	0.9260175	0.81326604	0.73047954	0.8835511	0.8996568	0.8308214	0.7045922	0.77993804	0.84102744	0.8331282	0.8443065	0.7707073	0.8205196	0.8458402	0.8546441	0.80045944	0.88708264	0.80134964	0.6680748	0.7906773	0.69667995	0.8118458	0.8791692	0.7960639	0.64380336	0.8784112	0.83957964	0.83943194	0.86625946	0.81569475	0.7906437	0.8280213	0.86924124	0.8064644	0.62803435	0.8105093	0.83199203	0.8028191	0.0	0.9275087	0.8552958	0.80546343	0.6657032	0.80397147	0.7417844	0.86543417	0.8507989	0.907152	0.8958989	0.7873962
eis/verb	0.8311912	0.7440634	0.9124139	0.8021101	0.84176886	0.8632534	0.87418693	0.8797437	0.88501215	0.9081882	0.873593	0.896467	0.9179758	0.79659736	0.86588085	0.78438085	0.9388609	0.78945243	0.79480016	0.84573245	0.8998537	0.8553202	0.9046973	0.92335343	0.88857496	0.9463655	0.87900496	0.88538027	0.93953913	0.8622805	0.7995497	0.84980375	0.9471805	0.83516383	0.8908618	0.8818135	0.77997756	0.8794796	0.79383886	0.87629026	0.97081375	0.93465924	0.87980926	0.92509925	0.936409	0.89654464	0.9097359	0.8471229	0.80764353	0.9021847	0.7965739	0.883529	0.8619815	0.9141216	0.8639367	0.9307857	0.88947487	0.8979945	0.74120176	0.81403637	0.91239893	0.8312845	0.92115915	0.95507973	0.94646883	0.90469915	0.91186965	0.93297726	0.8830168	0.8621281	0.96839094	0.8266075	0.7697369	0.7043117	0.90071404	0.6683316	0.8905227	0.8253443	0.8387913	0.9004824	0.9315506	0.76300097	0.9476554	0.88825786	0.9275087	0.0	0.9075704	0.9003139	0.7690791	0.82560736	0.97053146	0.9511351	0.88687724	0.7690362	0.77513903	0.89010763
gepantserd/adj	0.81689656	0.7889285	0.8614426	0.8074832	0.8940176	0.88971883	0.83056617	0.9019267	0.86404824	0.9355228	0.9197241	0.84616	0.88631517	0.9018694	0.8583058	0.8508371	0.8261435	0.8252581	0.815837	0.8563169	0.8760579	0.8884249	0.8213378	0.909367	0.9400916	0.8553782	0.83890367	0.8501502	0.86049485	0.8703492	0.9171431	0.8537693	0.8336094	0.91838676	0.8134314	0.923892	0.93379384	0.8382135	0.848392	0.882562	0.8080711	0.84932274	0.8436567	0.83639956	0.8370588	0.89848846	0.93430233	0.8733328	0.8049766	0.8972081	0.8824072	0.87404525	0.8167709	0.8628093	0.84314525	0.85535014	0.8467839	0.8686946	0.76626754	0.91429806	0.93326145	0.87916356	0.91659874	0.7899429	0.8881269	0.82911587	0.84666526	0.9055041	0.90299106	0.8469185	0.82847214	0.87293655	0.83480483	0.8915596	0.89979446	0.85468566	0.9004879	0.9069749	0.8826661	0.81012	0.83109736	0.85148746	0.81355906	0.82394516	0.8552958	0.9075704	0.0	0.84162325	0.7852498	0.8325913	0.8797601	0.8557848	0.881258	0.8760692	0.8989716	0.85548615
verbrand/adj	0.7939831	0.77445877	0.7736048	0.8372566	0.905123	0.8616774	0.86524975	0.8746191	0.8618984	0.9364156	0.87978554	0.73448074	0.87628055	0.89309186	0.81724215	0.8206125	0.62047446	0.7830086	0.8056665	0.8494992	0.8206663	0.90418684	0.82455915	0.8713943	0.85507876	0.7899574	0.74049944	0.8192525	0.855897	0.88874376	0.9116771	0.8342956	0.8598659	0.8948672	0.7271389	0.8906642	0.9303802	0.7371395	0.8496712	0.811805	0.8364077	0.75331134	0.8077496	0.7175251	0.8080773	0.8838213	0.951218	0.8133056	0.73212546	0.8785453	0.91364866	0.8186033	0.7869488	0.7560434	0.8417492	0.7203179	0.83901113	0.8342938	0.7823242	0.9034312	0.910353	0.88342357	0.8042935	0.7614502	0.7425436	0.7746081	0.76507825	0.8525907	0.8375401	0.80676293	0.69563746	0.8323025	0.84566814	0.8903472	0.8553263	0.82988334	0.8470247	0.86082995	0.81499815	0.7157633	0.7674991	0.80342746	0.7408513	0.77505016	0.80546343	0.9003139	0.84162325	0.0	0.76994735	0.79505366	0.81091255	0.82184315	0.8525455	0.8626821	0.8392024	0.85475886
een/det	0.76913685	0.5712129	0.7397709	0.6894171	0.65703106	0.6983135	0.76443326	0.81297904	0.74069536	0.86191183	0.7100595	0.7488597	0.7830444	0.7967521	0.605739	0.7199804	0.7094401	0.7518232	0.6195295	0.53439647	0.7804105	0.72113127	0.7824098	0.7474182	0.82690144	0.7252597	0.6909294	0.5840067	0.7713691	0.6520915	0.77276886	0.64317393	0.8166805	0.8038895	0.7239342	0.83323777	0.81551313	0.81327593	0.7373787	0.8068322	0.7962338	0.75215644	0.68002707	0.749256	0.7109227	0.8352021	0.7915413	0.70642495	0.61038923	0.7039182	0.7724021	0.7287683	0.548715	0.7247746	0.63142514	0.7988578	0.7296389	0.6958184	0.6704687	0.7065871	0.7146623	0.62453187	0.81246716	0.7585337	0.7131688	0.67456734	0.7091739	0.7385988	0.80273473	0.5859494	0.70351243	0.77419436	0.729386	0.6439372	0.71669006	0.63465375	0.70126176	0.6849617	0.74086	0.7672367	0.66882783	0.583551	0.748525	0.6900249	0.6657032	0.7690791	0.7852498	0.76994735	0.0	0.6327801	0.8097161	0.8227011	0.7609779	0.8004724	0.75181425	0.6370284
waarvan/pp	0.7813262	0.6195604	0.6621634	0.6706917	0.7818227	0.70613754	0.74643683	0.9137879	0.74759823	0.82606065	0.78311414	0.72393966	0.75262415	0.8327013	0.6698178	0.7674893	0.77856827	0.7418403	0.7238168	0.6677458	0.83500147	0.764294	0.862151	0.8065536	0.9020632	0.7681818	0.6973186	0.7208022	0.7961578	0.7027044	0.8154273	0.7395493	0.8557509	0.9059342	0.7449515	0.8379387	0.824504	0.7557136	0.6882906	0.72829914	0.82660186	0.760651	0.78710127	0.8281369	0.8558935	0.846297	0.87708443	0.74247897	0.686327	0.81136346	0.78034616	0.8228707	0.75175107	0.751651	0.62250286	0.7724117	0.7537515	0.84035414	0.79072714	0.8086777	0.83567667	0.75918543	0.77938175	0.80438423	0.8355507	0.8129735	0.7998503	0.7790886	0.7689292	0.6240125	0.80371034	0.7543208	0.69637907	0.7589147	0.7516903	0.5255972	0.769038	0.826679	0.77081573	0.84069914	0.7732815	0.6354023	0.8311659	0.7643719	0.80397147	0.82560736	0.8325913	0.79505366	0.6327801	0.0	0.8616296	0.84473425	0.80410206	0.74735665	0.74470586	0.70610833
gelakt/adj	0.9369831	0.8660083	0.8326771	0.9131767	0.9075344	0.8642595	0.92404884	0.92427063	0.85524464	0.9406939	0.95603496	0.85377634	0.9096311	0.94922364	0.86163175	0.9121581	0.67249745	0.9222922	0.89833623	0.859131	0.89945054	0.88936675	0.9382506	0.9118566	0.9516519	0.8152693	0.85318875	0.8409438	0.8834325	0.91802883	0.94162273	0.8773845	0.836158	0.9483402	0.871738	0.9295407	0.9674064	0.8920308	0.93473554	0.86766714	0.7277869	0.8320924	0.89886177	0.871078	0.7264427	0.91141886	0.94539154	0.9077335	0.8556904	0.9159634	0.9496473	0.8656416	0.7947851	0.7914987	0.8769861	0.87221456	0.86331093	0.86998093	0.92139447	0.9315787	0.9062637	0.8881755	0.8669441	0.8159619	0.7641356	0.8093578	0.83621866	0.84562194	0.89907503	0.8710516	0.72158307	0.91874367	0.9049243	0.9308212	0.90352035	0.91885036	0.86137325	0.9097107	0.9194555	0.8356982	0.7551569	0.8503592	0.8468139	0.8740848	0.7417844	0.97053146	0.8797601	0.81091255	0.8097161	0.8616296	0.0	0.8739778	0.90462023	0.9234469	0.9483697	0.8753618
slinger_rond/adj	0.88369143	0.8617604	0.83203757	0.8960776	0.9389706	0.88323605	0.8634018	0.92494655	0.8984318	0.9777051	0.91340446	0.80083835	0.9115939	0.9284747	0.8600637	0.87129354	0.7953757	0.8499907	0.8715726	0.8645431	0.90817076	0.92604244	0.8891175	0.9173502	0.8875131	0.83854574	0.84093237	0.84541416	0.8937828	0.8934239	0.9320549	0.88305324	0.9043607	0.93387717	0.8036019	0.9171425	0.9352433	0.7982694	0.9102456	0.8558986	0.892695	0.8312752	0.8799457	0.7944482	0.87792915	0.9293244	0.9533083	0.87012666	0.84957343	0.91526246	0.93621504	0.8498411	0.8413985	0.8738651	0.89546156	0.80474156	0.8736958	0.906442	0.8787303	0.94239163	0.884732	0.91397166	0.88738453	0.7870984	0.88911986	0.87147564	0.8863039	0.87883484	0.9246482	0.8503692	0.8408138	0.8836544	0.8686007	0.89230627	0.89863926	0.8972515	0.9132271	0.85875	0.8869735	0.86331326	0.818953	0.8695344	0.8372902	0.86084133	0.86543417	0.9511351	0.8557848	0.82184315	0.8227011	0.84473425	0.8739778	0.0	0.8891909	0.9166411	0.8988996	0.87043077
minder/adj	0.8222837	0.76828885	0.7127949	0.82902586	0.8213017	0.7351594	0.7004419	0.81351346	0.768762	0.8480081	0.7863016	0.7172126	0.8623777	0.8368456	0.785764	0.80828637	0.8619311	0.8655379	0.780727	0.8206818	0.8667017	0.84497017	0.88608885	0.7682656	0.858547	0.7122195	0.8727797	0.8067951	0.87688524	0.85931337	0.7581583	0.7996664	0.88864875	0.90242577	0.8053378	0.8747952	0.8239998	0.7402652	0.8148298	0.79306483	0.8664379	0.771822	0.88022745	0.8519726	0.73588765	0.85771495	0.82504356	0.82400644	0.62402624	0.6990756	0.8223091	0.84748966	0.7759426	0.7611701	0.8455908	0.7493892	0.68636584	0.8543997	0.802619	0.86613935	0.77257633	0.8211606	0.8138242	0.9093869	0.73085964	0.71281576	0.8105355	0.79410684	0.8218324	0.78192836	0.80847263	0.4140877	0.7906744	0.7430918	0.825078	0.8380966	0.73125374	0.86272824	0.7558217	0.9014797	0.8288191	0.7255589	0.88208294	0.8521603	0.8507989	0.88687724	0.881258	0.8525455	0.7609779	0.80410206	0.90462023	0.8891909	0.0	0.5836177	0.89084077	0.78747594
meer/det	0.8314216	0.6534993	0.7422626	0.790895	0.8426528	0.771977	0.6750498	0.8514719	0.73985916	0.8221653	0.8212573	0.7016737	0.83882946	0.854038	0.7265178	0.7917103	0.88488436	0.81050706	0.7341646	0.8061673	0.85848016	0.804384	0.86354804	0.7922652	0.7791158	0.85425633	0.8405298	0.7881457	0.84776354	0.77406573	0.7131898	0.73894453	0.90006614	0.88383585	0.80403817	0.8552626	0.7824825	0.71126604	0.75873834	0.7557989	0.89012486	0.80240446	0.8332647	0.8731122	0.8025478	0.85910773	0.82509077	0.82802796	0.6458715	0.8494804	0.7355944	0.8780803	0.80593544	0.82582086	0.7649916	0.7784592	0.6996423	0.8483804	0.8158722	0.8529991	0.87141526	0.80010885	0.79644215	0.91084474	0.8603364	0.8144952	0.8239329	0.8137368	0.8134225	0.76252764	0.8638679	0.28325927	0.63604	0.6767162	0.8258132	0.74211526	0.7907155	0.85319144	0.752463	0.9074695	0.88073957	0.6911756	0.88051134	0.81929654	0.907152	0.7690362	0.8760692	0.8626821	0.8004724	0.74735665	0.9234469	0.9166411	0.5836177	0.0	0.825485	0.7496824
onderzoek/verb	0.78677833	0.7336316	0.8063414	0.8577739	0.8463268	0.7753651	0.91009295	0.91107833	0.8299545	0.93902695	0.67703426	0.7755147	0.86827093	0.8740108	0.7070714	0.7682646	0.8734892	0.6137529	0.7803705	0.7989299	0.7974085	0.7948611	0.86660594	0.87029004	0.93377936	0.90131295	0.8301049	0.8559777	0.81560063	0.82676435	0.81092465	0.8213454	0.9412308	0.86281073	0.7915338	0.7901932	0.82481027	0.86704123	0.8664578	0.8297983	0.919765	0.84311545	0.8514494	0.9076026	0.9323004	0.91137123	0.86146927	0.8018222	0.7696159	0.8444481	0.79813784	0.8804664	0.8431169	0.8766897	0.71051556	0.86308634	0.871844	0.8873515	0.7479955	0.82745874	0.88267875	0.8083286	0.8609057	0.8921061	0.9313123	0.8980752	0.91959774	0.87456864	0.80590284	0.78213525	0.9302249	0.82977164	0.7479018	0.8068939	0.60292244	0.67663425	0.8225774	0.90071416	0.72283995	0.8786002	0.9066504	0.67680675	0.8884471	0.85019517	0.8958989	0.77513903	0.8989716	0.8392024	0.75181425	0.74470586	0.9483697	0.8988996	0.89084077	0.825485	0.0	0.8273935
elk/det	0.7524024	0.6740404	0.80621976	0.6928372	0.77845824	0.7528912	0.6431899	0.8346666	0.8247361	0.8695303	0.8426144	0.8047173	0.82812023	0.8283195	0.6417941	0.80478764	0.82595706	0.7820472	0.6186717	0.68501586	0.86664027	0.8024952	0.83742523	0.80393213	0.8670803	0.83471745	0.78785694	0.71723413	0.8410772	0.7739364	0.8459398	0.6543037	0.8881749	0.87320286	0.8031131	0.88147163	0.83446205	0.8666246	0.71505386	0.8579581	0.8780411	0.8266827	0.75880253	0.83006257	0.79534554	0.88125664	0.8431901	0.7878008	0.74598116	0.7896967	0.8238846	0.82905644	0.7568409	0.8090796	0.60510314	0.8189267	0.81234765	0.7609486	0.8130543	0.7900617	0.81866455	0.7181189	0.84109145	0.8706617	0.82630813	0.8532414	0.8173171	0.80257654	0.82145756	0.73510045	0.82778805	0.7516481	0.52624094	0.7407714	0.7353591	0.7611341	0.7712942	0.76688534	0.7673075	0.88406587	0.77730274	0.7406352	0.8528805	0.7424705	0.7873962	0.89010763	0.85548615	0.85475886	0.6370284	0.70610833	0.8753618	0.87043077	0.78747594	0.7496824	0.8273935	0.0
