	poeder/noun	laag_DIM/noun	berusting/noun	theater_zaal/noun	lijden/noun	veeleer/adv	die/det	klank/noun	toon/noun	zucht/noun	schoen/noun	streep/noun	knal/noun	opgenomen/adj	koper/noun	enigszins/adv	teleurstelling/noun	o/noun	sfeer/noun	zo/adv	klinker/noun	het/det	leegte/noun	oppervlak/noun	bewust/adj	signaal/noun	kleur/noun	huid/noun	haar/noun	klop/noun	papier/noun	razernij/noun	geluid/noun	verf/noun	zang_stem/noun	en/vg	punt/noun	kunststof/noun	gelatenheid/noun	indruk/noun	verkeer_ellende/noun	kort/adj	slag/noun	herhaling/noun	voorstelling/noun	kijker/noun	ellende/noun	blazoen/noun	Marat/name	wat/adv	blad/noun	beetje/noun	beton_blok/noun	glans/noun	te/adv	schoot/noun	trom/noun	poging/noun	oog/noun	e/noun	blik/noun	klik/noun	explosie/noun	verdriet/noun	ik/pron	tamelijk/adj	dreun/noun	Ahmet/name	ze/pron	ritme/noun	oog_DIM/noun	lethargie/noun	variant/noun	zwart/noun	werkelijkheid/noun	klap/noun	dikwijls/adj	gevoel/noun	pijn/noun	miserie/noun	schot/noun	heerlijk/adj	kreet/noun
poeder/noun	0.0	0.652197	0.90154773	0.8969368	0.9018685	0.8586894	0.80705196	0.8039807	0.86786485	0.87176967	0.76392543	0.8317992	0.8143379	0.8918306	0.8163185	0.85494983	0.88296586	0.9010013	0.880121	0.8474442	0.83193195	0.84571224	0.8421767	0.6991931	0.88668925	0.8739128	0.7425344	0.6838216	0.71068037	0.88176894	0.6979945	0.8987157	0.7961788	0.6526278	0.9354515	0.70083994	0.9386688	0.72909504	0.9075388	0.9302703	0.8944645	0.8978049	0.9352321	0.90838	0.9030631	0.8851205	0.8813367	0.90340894	0.94736636	0.8430121	0.7955089	0.8412243	0.8577418	0.8440529	0.8447277	0.83116525	0.94754624	0.9093458	0.8312079	0.898101	0.78805625	0.8752631	0.8038324	0.86958706	0.8847926	0.8201054	0.88375854	0.9369436	0.7574317	0.8655113	0.8467836	0.915376	0.78992677	0.8131815	0.89139473	0.9001635	0.83255905	0.88948756	0.8845919	0.8753144	0.8819317	0.74367404	0.8502364
laag_DIM/noun	0.652197	0.0	0.90188915	0.91560036	0.8945102	0.81913954	0.8069628	0.74223936	0.82267404	0.85989976	0.7012739	0.73818207	0.8736336	0.87143266	0.8309394	0.8142246	0.8740244	0.88996917	0.86385334	0.82100374	0.72414947	0.8329982	0.76591104	0.5862913	0.8975255	0.89824975	0.59341514	0.57821786	0.63796407	0.8708399	0.73968613	0.9002993	0.7471422	0.5531633	0.8862314	0.6311437	0.9431017	0.61126447	0.923475	0.897996	0.93160504	0.87729365	0.94200397	0.9016907	0.8572168	0.89385617	0.8448555	0.89890206	0.95838934	0.78843564	0.753031	0.8048055	0.80991566	0.75808316	0.8389003	0.85123104	0.9137046	0.9129453	0.78902006	0.8920221	0.73488164	0.8822887	0.848847	0.84744465	0.9081932	0.78999007	0.8702278	0.9515123	0.7985998	0.8112712	0.8340653	0.9221093	0.77556586	0.73186266	0.8169451	0.9058161	0.7931738	0.8421024	0.8810915	0.84537435	0.9156256	0.69178367	0.838606
berusting/noun	0.90154773	0.90188915	0.0	0.9215794	0.7863711	0.7640101	0.782761	0.77979106	0.74871385	0.76699865	0.91880864	0.92305094	0.90061176	0.8733806	0.91900283	0.7719998	0.661512	0.86119306	0.78290105	0.84987056	0.92830026	0.86054045	0.7473488	0.89819795	0.88521624	0.88194853	0.83715993	0.8878164	0.881399	0.9248741	0.9384451	0.7880798	0.82663476	0.89807254	0.8743074	0.7859504	0.93364656	0.8838834	0.6617569	0.85543984	0.9175375	0.92547303	0.9406891	0.8423918	0.8699753	0.8675826	0.7660472	0.8998198	0.9187878	0.8243996	0.92490625	0.7903476	0.9450838	0.84410995	0.86397046	0.8764538	0.91417176	0.8970926	0.82198596	0.9332223	0.7937048	0.8959316	0.8815024	0.6232691	0.8363778	0.7952175	0.8968205	0.91525483	0.83609396	0.8276553	0.9174162	0.8612177	0.8568052	0.86960304	0.83176947	0.9159085	0.8107151	0.68448466	0.75726366	0.8506086	0.9352018	0.8314473	0.777051
theater_zaal/noun	0.8969368	0.91560036	0.9215794	0.0	0.93311787	0.85057217	0.8679912	0.8433987	0.89518106	0.88705486	0.8748805	0.920432	0.9005455	0.8710409	0.89371914	0.88874227	0.92277145	0.915162	0.8258426	0.877294	0.8732382	0.83213985	0.83518463	0.8627605	0.92552835	0.94989514	0.8710953	0.8886963	0.90733814	0.94951487	0.89220184	0.92035186	0.848844	0.8800784	0.9204117	0.7937632	0.9460965	0.87903047	0.9252218	0.9167244	0.93870765	0.9049101	0.9624318	0.9180257	0.7412603	0.88086545	0.898868	0.92695636	0.95887977	0.8733522	0.89541477	0.8896083	0.90892035	0.8819931	0.8951658	0.89455813	0.93458337	0.95770323	0.9042632	0.9108394	0.86800355	0.9072065	0.87358665	0.92218864	0.9279519	0.8497573	0.91331154	0.9459206	0.86079353	0.8829998	0.90856594	0.9273031	0.8757169	0.89925	0.8892628	0.9479003	0.84498656	0.9133809	0.9587623	0.89784604	0.93864363	0.8547734	0.8773556
lijden/noun	0.9018685	0.8945102	0.7863711	0.93311787	0.0	0.7623532	0.7590829	0.8082485	0.8553339	0.8279754	0.93640774	0.9251146	0.87520576	0.85570323	0.8921602	0.800483	0.75949055	0.86166286	0.8514203	0.8354626	0.91969013	0.8327136	0.7224094	0.8952135	0.82444626	0.8830062	0.87632996	0.858759	0.90711904	0.9075657	0.90718323	0.81164265	0.82784367	0.8808913	0.9190624	0.730486	0.9494804	0.9055846	0.8432202	0.8769573	0.86738145	0.9075967	0.9175121	0.81956255	0.88129544	0.8803553	0.5858239	0.9098654	0.925354	0.8635821	0.91771734	0.83068424	0.9331994	0.8662997	0.87222105	0.8935114	0.9325907	0.82680136	0.85017365	0.9249867	0.8647032	0.90132	0.8332906	0.6362421	0.8305517	0.8156923	0.848763	0.92868954	0.79511964	0.85489345	0.9116999	0.8681041	0.84654427	0.9050779	0.7825968	0.85633403	0.7460884	0.7423179	0.62261105	0.72935164	0.9405173	0.87376726	0.796211
veeleer/adv	0.8586894	0.81913954	0.7640101	0.85057217	0.7623532	0.0	0.63199055	0.6526268	0.6422847	0.74970126	0.8485539	0.86957574	0.8764986	0.7808799	0.80142	0.64274836	0.7537621	0.8369602	0.68459094	0.7133845	0.84597206	0.76084834	0.70798635	0.7903861	0.70435864	0.78939396	0.69791096	0.8031051	0.838135	0.9108985	0.8375877	0.8121619	0.7208709	0.7945154	0.86375093	0.57840806	0.91458094	0.81273866	0.82282525	0.76632845	0.9259478	0.8606057	0.9223448	0.75214726	0.71104026	0.77116007	0.7677806	0.8818197	0.9120779	0.64289653	0.7862857	0.70043063	0.90408677	0.7713777	0.6979149	0.83512807	0.8956349	0.801119	0.8019201	0.84608316	0.7160799	0.84549785	0.81911844	0.7550234	0.80515975	0.52807444	0.85811204	0.9183857	0.7727597	0.7248057	0.86865747	0.8708003	0.67518264	0.7679262	0.6669601	0.9037247	0.59509814	0.70072347	0.834895	0.83327603	0.904536	0.75352657	0.70821667
die/det	0.80705196	0.8069628	0.782761	0.8679912	0.7590829	0.63199055	0.0	0.72526115	0.78154624	0.7711875	0.80712396	0.8231621	0.82897234	0.76344013	0.7682109	0.6672097	0.7339902	0.8348838	0.7755614	0.7058457	0.8233936	0.8673604	0.7552506	0.7627996	0.6947192	0.79730844	0.7535549	0.79253197	0.82259786	0.8768721	0.76514846	0.846528	0.73196137	0.77769864	0.89173716	0.7086248	0.8534813	0.7945649	0.8164918	0.8461417	0.86802787	0.8073813	0.91598415	0.7397623	0.8183617	0.77050745	0.7515614	0.88761103	0.923444	0.7506182	0.80812156	0.7451861	0.86425257	0.7743845	0.76375616	0.8271952	0.89599305	0.8368783	0.8371585	0.8571454	0.7937436	0.8169025	0.8158365	0.73156255	0.6989548	0.7127838	0.852484	0.8984264	0.6427799	0.7489458	0.87710243	0.85049915	0.79441315	0.81487584	0.6793237	0.8492446	0.6479465	0.70758915	0.7787291	0.80215895	0.8815889	0.80308056	0.7509802
klank/noun	0.8039807	0.74223936	0.77979106	0.8433987	0.8082485	0.6526268	0.72526115	0.0	0.5154214	0.7570824	0.83053493	0.87073225	0.8091651	0.71720886	0.8327681	0.70207214	0.83378726	0.77693427	0.5821583	0.7083699	0.78170884	0.8159156	0.694559	0.7088468	0.8400029	0.80429274	0.5623297	0.7503575	0.8023895	0.9088563	0.8182219	0.83946157	0.37999225	0.735824	0.733822	0.58845925	0.94149864	0.7770502	0.8552703	0.77272946	0.92901707	0.87675124	0.941116	0.7909951	0.64029694	0.80490494	0.80693847	0.923027	0.9333785	0.6767771	0.8155736	0.7546902	0.9007497	0.72119164	0.77906394	0.84473157	0.7959002	0.8819185	0.80459476	0.7958644	0.71030235	0.8257877	0.80439585	0.77714854	0.8564263	0.62452865	0.8289106	0.9347997	0.7963079	0.4403059	0.86159	0.837469	0.6779007	0.77915	0.70671856	0.919145	0.7159522	0.68813884	0.86091304	0.8459411	0.91289556	0.65222037	0.6562279
toon/noun	0.86786485	0.82267404	0.74871385	0.89518106	0.8553339	0.6422847	0.78154624	0.5154214	0.0	0.7819202	0.8780957	0.8734221	0.85331684	0.7649585	0.8893564	0.654209	0.80824196	0.8401023	0.58326447	0.67545855	0.8557086	0.8505077	0.76274157	0.8230336	0.841675	0.8265364	0.652348	0.8176617	0.8269286	0.9173225	0.8714602	0.83954716	0.577083	0.82513714	0.80591494	0.6750711	0.9359077	0.8686223	0.80550396	0.7317844	0.9514468	0.84075105	0.9559906	0.7856038	0.70064926	0.7986183	0.85571784	0.905725	0.9326991	0.60346174	0.7935586	0.7158113	0.93599945	0.77511877	0.7275697	0.8669633	0.8242455	0.8697538	0.79664856	0.8632746	0.642823	0.8736942	0.85793644	0.78891706	0.84239554	0.5650511	0.84684837	0.9325207	0.7864579	0.6013882	0.8699369	0.86796665	0.6898691	0.7908435	0.7731146	0.91398776	0.75228214	0.7022705	0.8849971	0.8875845	0.9148901	0.6940238	0.6866895
zucht/noun	0.87176967	0.85989976	0.76699865	0.88705486	0.8279754	0.74970126	0.7711875	0.7570824	0.7819202	0.0	0.88259447	0.83426553	0.8267467	0.8662652	0.8512312	0.77252555	0.712852	0.87227553	0.80122066	0.8308915	0.8617568	0.8412063	0.7655385	0.85825384	0.8678706	0.8695048	0.8344702	0.84020853	0.85347694	0.9028686	0.8849582	0.8352838	0.7628623	0.85687053	0.9151663	0.7118778	0.8744824	0.90026057	0.83917177	0.85386	0.91063684	0.90560764	0.9131118	0.8388479	0.8424871	0.81730866	0.7612579	0.9328213	0.894356	0.78790635	0.86479366	0.7750202	0.92306316	0.7807561	0.8384434	0.8064921	0.8548326	0.8443183	0.81691873	0.88882506	0.77202207	0.86575043	0.8399819	0.7151526	0.82395005	0.81323206	0.8338344	0.9336719	0.7904958	0.79609394	0.8682467	0.88597906	0.8458942	0.85893315	0.8136184	0.8904048	0.76482695	0.68113387	0.7823788	0.8350493	0.8789021	0.7810649	0.7200544
schoen/noun	0.76392543	0.7012739	0.91880864	0.8748805	0.93640774	0.8485539	0.80712396	0.83053493	0.8780957	0.88259447	0.0	0.7413217	0.8440915	0.90610135	0.82920444	0.85594916	0.8959367	0.8923162	0.865944	0.8370452	0.7976013	0.8705997	0.8495989	0.7827455	0.90893316	0.93423325	0.67031276	0.6804764	0.58359134	0.9016421	0.7245969	0.92070615	0.83085454	0.6646182	0.9397679	0.6866777	0.91821975	0.7171405	0.9441994	0.9224162	0.9468314	0.8719107	0.9472701	0.92642915	0.9038638	0.9041213	0.8922759	0.9130025	0.9164725	0.7865012	0.7977575	0.8182104	0.8420141	0.8097635	0.8302634	0.8018657	0.90486604	0.91076845	0.78772557	0.8849654	0.7713284	0.86009276	0.8932525	0.88566697	0.81887853	0.8289308	0.8735364	0.9342381	0.70563483	0.8607292	0.8458466	0.93835247	0.84369123	0.72040224	0.89999574	0.8998248	0.8123017	0.8954732	0.8962195	0.880419	0.8800227	0.7959991	0.8417971
streep/noun	0.8317992	0.73818207	0.92305094	0.920432	0.9251146	0.86957574	0.8231621	0.87073225	0.8734221	0.83426553	0.7413217	0.0	0.8204601	0.91192025	0.87654936	0.87376803	0.86795497	0.89030784	0.9277853	0.8703826	0.7539768	0.8534474	0.8612082	0.78027624	0.90898436	0.91035175	0.69104797	0.7512019	0.67636526	0.86014736	0.8160259	0.923315	0.84856576	0.6774738	0.95757836	0.7653147	0.8123271	0.81132656	0.9217847	0.91929334	0.922724	0.8606224	0.8573923	0.9152861	0.9126732	0.87914383	0.88582057	0.88756007	0.8878234	0.832734	0.855628	0.8608364	0.86197037	0.7963998	0.83778477	0.84525335	0.9031697	0.90305394	0.7772739	0.8850745	0.8224149	0.89616704	0.88265705	0.903428	0.8789084	0.84247696	0.8241286	0.92632353	0.8402942	0.84421885	0.8654721	0.9286692	0.8699906	0.7196102	0.8782862	0.84991616	0.8387561	0.9026036	0.9009313	0.84683096	0.8445895	0.85277987	0.84796476
knal/noun	0.8143379	0.8736336	0.90061176	0.9005455	0.87520576	0.8764986	0.82897234	0.8091651	0.85331684	0.8267467	0.8440915	0.8204601	0.0	0.91769975	0.91064847	0.8407786	0.8578899	0.9011572	0.8890327	0.8368918	0.8595574	0.86101305	0.8173435	0.80462486	0.90044236	0.8916132	0.85257125	0.8317865	0.8296792	0.8660612	0.8860882	0.8549783	0.72645974	0.80848134	0.9232577	0.7642672	0.88782066	0.8775294	0.9066018	0.9052011	0.84768784	0.8767282	0.8559521	0.9115341	0.9089824	0.8910837	0.84586024	0.92582977	0.91137815	0.8309349	0.89777493	0.85095435	0.7992065	0.87758386	0.8504752	0.66770315	0.8812466	0.8027785	0.8336445	0.91124487	0.83388615	0.8519874	0.6011652	0.8601703	0.8493919	0.86495656	0.74898326	0.931666	0.78980243	0.8268738	0.8698653	0.8914982	0.8997511	0.8601123	0.88661957	0.6428101	0.8187963	0.87416387	0.8202845	0.85811865	0.5216683	0.8138002	0.7658489
opgenomen/adj	0.8918306	0.87143266	0.8733806	0.8710409	0.85570323	0.7808799	0.76344013	0.71720886	0.7649585	0.8662652	0.90610135	0.91192025	0.91769975	0.0	0.838517	0.82343423	0.8939916	0.87078655	0.82526445	0.8677893	0.8892105	0.785384	0.8469531	0.86528826	0.82792175	0.86150426	0.81629604	0.85570335	0.8907198	0.9076067	0.8265062	0.8884026	0.7183572	0.8466091	0.8702295	0.707521	0.9327685	0.8646101	0.92277825	0.8629969	0.93004584	0.81048846	0.93665767	0.77516466	0.72339654	0.8058396	0.88593996	0.9204956	0.9408006	0.86870587	0.8185508	0.88157636	0.9241784	0.840039	0.89487994	0.8720335	0.890774	0.89948684	0.9042368	0.83957624	0.8525554	0.8623798	0.8799964	0.85986936	0.9222309	0.7540555	0.91037804	0.9175294	0.86268103	0.7610974	0.9036219	0.9131936	0.7889106	0.86559695	0.8231627	0.93109787	0.7934015	0.882865	0.9177733	0.8887826	0.9351187	0.81200904	0.8030891
koper/noun	0.8163185	0.8309394	0.91900283	0.89371914	0.8921602	0.80142	0.7682109	0.8327681	0.8893564	0.8512312	0.82920444	0.87654936	0.91064847	0.838517	0.0	0.8401162	0.8743081	0.90576345	0.9115466	0.83509934	0.8723252	0.8285047	0.8772773	0.8259772	0.8372192	0.8435009	0.8130313	0.8460411	0.8882684	0.92000663	0.7530533	0.9278053	0.82273996	0.77515924	0.91945356	0.73749226	0.91060245	0.7740934	0.9381821	0.9064246	0.9305746	0.91034085	0.9454163	0.88934714	0.88145274	0.750129	0.89193445	0.9147183	0.95191395	0.83210576	0.8127619	0.8660399	0.8632124	0.8596712	0.83146125	0.88039476	0.9275186	0.891652	0.9173121	0.8542553	0.83860075	0.8749049	0.8675322	0.910209	0.8614775	0.81793004	0.9040369	0.93701774	0.7668828	0.8891694	0.8851965	0.94392616	0.8375317	0.83270794	0.8769499	0.9137051	0.7846687	0.9085035	0.93167895	0.8838136	0.93306506	0.8952485	0.86375093
enigszins/adv	0.85494983	0.8142246	0.7719998	0.88874227	0.800483	0.64274836	0.6672097	0.70207214	0.654209	0.77252555	0.85594916	0.87376803	0.8407786	0.82343423	0.8401162	0.0	0.7215276	0.8742333	0.7193254	0.66831505	0.85821146	0.7848844	0.76146406	0.7802892	0.7987831	0.82042164	0.7729732	0.78373796	0.8273257	0.8849335	0.8650159	0.8623904	0.7078147	0.8160913	0.85689354	0.7191542	0.848958	0.84604675	0.8508676	0.75050443	0.9054756	0.8732639	0.933917	0.80450034	0.7933033	0.76898575	0.7763282	0.90292794	0.9107535	0.47618878	0.8223797	0.47284228	0.9097905	0.7863491	0.7129168	0.84275097	0.9110065	0.7910597	0.78606486	0.86815023	0.6895976	0.87209517	0.83563995	0.75400794	0.76887923	0.5446824	0.8279187	0.9185684	0.74038243	0.74500155	0.8587604	0.8853412	0.78142786	0.81482375	0.7009038	0.8592951	0.6663336	0.7331475	0.7976389	0.82387817	0.8846149	0.7771653	0.7455256
teleurstelling/noun	0.88296586	0.8740244	0.661512	0.92277145	0.75949055	0.7537621	0.7339902	0.83378726	0.80824196	0.712852	0.8959367	0.86795497	0.8578899	0.8939916	0.8743081	0.7215276	0.0	0.8917656	0.79338753	0.8093434	0.9037324	0.85130566	0.7437403	0.87890816	0.8678442	0.8383854	0.8749243	0.8735179	0.9059545	0.90768844	0.8987932	0.77095807	0.8457582	0.87904716	0.9305257	0.78600806	0.8734682	0.9041436	0.7046264	0.81860447	0.85709465	0.8949992	0.89858276	0.8268804	0.8653701	0.8397567	0.62876534	0.91184956	0.8883587	0.82193553	0.8839326	0.8064923	0.9140392	0.8213178	0.84338236	0.86120063	0.92960155	0.81507105	0.8485548	0.9100052	0.81691766	0.9015955	0.8188604	0.49573207	0.79966956	0.81448317	0.7653991	0.89194417	0.78887653	0.8500329	0.9159798	0.82547736	0.8827702	0.8663588	0.82069147	0.7868475	0.74771416	0.6239641	0.64034915	0.72897804	0.8937133	0.84364784	0.742219
o/noun	0.9010013	0.88996917	0.86119306	0.915162	0.86166286	0.8369602	0.8348838	0.77693427	0.8401023	0.87227553	0.8923162	0.89030784	0.9011572	0.87078655	0.90576345	0.8742333	0.8917656	0.0	0.8800134	0.84129703	0.8283685	0.86769503	0.846061	0.8850869	0.88696927	0.92444885	0.82848173	0.8654655	0.88181067	0.91017944	0.8951535	0.8807963	0.8332404	0.8683317	0.9021009	0.80142283	0.9408492	0.9106356	0.93728775	0.9345325	0.95087755	0.9190328	0.9100283	0.8794988	0.86472464	0.89787555	0.8704572	0.93474543	0.9484088	0.8794914	0.8780961	0.86941254	0.94100153	0.86226165	0.885671	0.8918191	0.9040193	0.9410224	0.88942134	0.75078857	0.8564908	0.8857249	0.9134471	0.8514924	0.88101757	0.8463091	0.90069854	0.9296744	0.84333783	0.8524829	0.9102671	0.92983073	0.86575	0.85291535	0.8389541	0.92210746	0.83647305	0.8408216	0.89564604	0.88855606	0.9396346	0.8330015	0.8362919
sfeer/noun	0.880121	0.86385334	0.78290105	0.8258426	0.8514203	0.68459094	0.7755614	0.5821583	0.58326447	0.80122066	0.865944	0.9277853	0.8890327	0.82526445	0.9115466	0.7193254	0.79338753	0.8800134	0.0	0.72589755	0.8754542	0.8056024	0.725502	0.8415731	0.84924316	0.86823064	0.68997127	0.84214664	0.8921439	0.914847	0.90799505	0.8492132	0.64372647	0.8586179	0.8488388	0.69382536	0.94621843	0.86271507	0.7600687	0.7266375	0.91880494	0.90706205	0.9411482	0.8517721	0.6986635	0.8445899	0.8342947	0.92175543	0.9363959	0.6934779	0.870241	0.7578167	0.92947066	0.78133047	0.8262933	0.8752285	0.9071826	0.899199	0.87089133	0.89673126	0.75206065	0.8972992	0.86515415	0.7804872	0.83263195	0.69316715	0.8651165	0.9443325	0.8326708	0.6480142	0.8858029	0.8542768	0.78158236	0.8258902	0.7785822	0.9447244	0.7532221	0.58733547	0.86621386	0.8632454	0.94687396	0.6689992	0.7793591
zo/adv	0.8474442	0.82100374	0.84987056	0.877294	0.8354626	0.7133845	0.7058457	0.7083699	0.67545855	0.8308915	0.8370452	0.8703826	0.8368918	0.8677893	0.83509934	0.66831505	0.8093434	0.84129703	0.72589755	0.0	0.8464796	0.83733696	0.7883478	0.7737258	0.8152774	0.8355555	0.7809366	0.78475624	0.82146966	0.8913338	0.8241822	0.8627538	0.7140858	0.8293531	0.83152574	0.7344121	0.8950238	0.8361918	0.8658321	0.7414145	0.9017605	0.86687195	0.93329924	0.82190216	0.7692739	0.76838195	0.7979285	0.88771665	0.9257795	0.52224755	0.800222	0.61089796	0.92425644	0.83235574	0.5215517	0.8602344	0.88092256	0.86101174	0.8063032	0.88831025	0.7219572	0.8425527	0.86491126	0.7939878	0.6030623	0.5344301	0.84199005	0.9040999	0.6066388	0.75307155	0.8611709	0.9072814	0.74019784	0.8374362	0.70488906	0.88873035	0.6784779	0.73856974	0.817626	0.83119464	0.8762322	0.7470699	0.7566613
klinker/noun	0.83193195	0.72414947	0.92830026	0.8732382	0.91969013	0.84597206	0.8233936	0.78170884	0.8557086	0.8617568	0.7976013	0.7539768	0.8595574	0.8892105	0.8723252	0.85821146	0.9037324	0.8283685	0.8754542	0.8464796	0.0	0.8334658	0.84959453	0.7499627	0.9118301	0.9089896	0.74068093	0.7927682	0.7903986	0.929773	0.79379225	0.915648	0.81549037	0.72033465	0.91346145	0.76749635	0.92171204	0.7373254	0.9256113	0.91154253	0.8916774	0.9047997	0.9194721	0.9005932	0.8833072	0.92192733	0.8900271	0.9195758	0.95060897	0.82425165	0.8399778	0.867061	0.75308317	0.8603202	0.8358587	0.88396466	0.93333024	0.93524015	0.82795715	0.81639236	0.8415362	0.8697329	0.8763813	0.89623517	0.9135451	0.82733387	0.882745	0.9450779	0.84933144	0.8131271	0.88383406	0.9180771	0.8304399	0.82861775	0.8648743	0.88913786	0.81204355	0.91005516	0.90451133	0.8796009	0.8935703	0.8182949	0.86119163
het/det	0.84571224	0.8329982	0.86054045	0.83213985	0.8327136	0.76084834	0.8673604	0.8159156	0.8505077	0.8412063	0.8705997	0.8534474	0.86101305	0.785384	0.8285047	0.7848844	0.85130566	0.86769503	0.8056024	0.83733696	0.8334658	0.0	0.7929758	0.82500255	0.8294552	0.8630723	0.8009964	0.8466662	0.879316	0.9134629	0.848157	0.8794267	0.8233366	0.8018418	0.8925184	0.7245643	0.88930184	0.83451205	0.8904971	0.9053456	0.89350396	0.8735657	0.90219903	0.82639	0.80691284	0.8566273	0.83556795	0.8714584	0.92712396	0.83557355	0.84186304	0.83995396	0.8475022	0.82240546	0.8679104	0.8445625	0.8880658	0.84544605	0.88114893	0.86689854	0.84819096	0.8449441	0.80210936	0.85245323	0.8928155	0.7845204	0.8611599	0.9071716	0.82931364	0.84655166	0.8900638	0.91759056	0.80461544	0.83668417	0.8161068	0.873572	0.7599344	0.8766167	0.8805884	0.8321429	0.9066571	0.819795	0.83744144
leegte/noun	0.8421767	0.76591104	0.7473488	0.83518463	0.7224094	0.70798635	0.7552506	0.694559	0.76274157	0.7655385	0.8495989	0.8612082	0.8173435	0.8469531	0.8772773	0.76146406	0.7437403	0.846061	0.725502	0.7883478	0.84959453	0.7929758	0.0	0.78374684	0.82580113	0.87254107	0.74868906	0.79985994	0.83349013	0.91175956	0.85097545	0.7950166	0.719421	0.78962123	0.87763095	0.6901895	0.93639237	0.8527498	0.82040584	0.81054705	0.90555704	0.89524853	0.9387475	0.8236141	0.7954823	0.8363133	0.69839793	0.8920506	0.9371542	0.8015141	0.84983253	0.77448034	0.865061	0.8220165	0.8360528	0.8407577	0.9011128	0.85776675	0.7927195	0.9190926	0.73006463	0.8606489	0.8195976	0.6388095	0.81070375	0.7545852	0.8444426	0.9408895	0.76729363	0.78875256	0.86783975	0.84107316	0.8109689	0.8204503	0.7062123	0.86883837	0.7467796	0.6758615	0.7193686	0.7903545	0.9101947	0.79128814	0.7198744
oppervlak/noun	0.6991931	0.5862913	0.89819795	0.8627605	0.8952135	0.7903861	0.7627996	0.7088468	0.8230336	0.85825384	0.7827455	0.78027624	0.80462486	0.86528826	0.8259772	0.7802892	0.87890816	0.8850869	0.8415731	0.7737258	0.7499627	0.82500255	0.78374684	0.0	0.87922	0.8488424	0.6432017	0.5972653	0.7129246	0.9031911	0.7549665	0.8875751	0.6900544	0.62330174	0.9072548	0.6859502	0.93039227	0.6524111	0.9303299	0.89820826	0.91115344	0.8921835	0.9249858	0.8735669	0.85453224	0.8754477	0.83779	0.91914064	0.9558186	0.7710361	0.77601266	0.83172166	0.81837815	0.81053674	0.80294746	0.8578745	0.91281396	0.9136305	0.7582189	0.894733	0.7498577	0.843292	0.796147	0.84642226	0.90768373	0.73715657	0.8558776	0.9510858	0.8080246	0.77252203	0.8553741	0.9241813	0.7872203	0.81093043	0.7609823	0.87305534	0.78250957	0.86195254	0.88068223	0.8577952	0.8832383	0.79586405	0.8300087
bewust/adj	0.88668925	0.8975255	0.88521624	0.92552835	0.82444626	0.70435864	0.6947192	0.8400029	0.841675	0.8678706	0.90893316	0.90898436	0.90044236	0.82792175	0.8372192	0.7987831	0.8678442	0.88696927	0.84924316	0.8152774	0.9118301	0.8294552	0.82580113	0.87922	0.0	0.79423964	0.85623133	0.8698771	0.93310905	0.9461497	0.89622116	0.88165355	0.8398798	0.8522761	0.9238461	0.74891883	0.94146013	0.8823947	0.9060439	0.84868515	0.92381287	0.8871673	0.9338426	0.79663485	0.82647395	0.81613433	0.85002714	0.8872534	0.95011497	0.80473936	0.8645354	0.8292841	0.89468974	0.88304687	0.8011695	0.89184326	0.9333293	0.8463132	0.8701137	0.92274356	0.8460654	0.89567685	0.85810816	0.83784986	0.8349586	0.7932323	0.9199629	0.9309871	0.77156866	0.8538245	0.8997805	0.91128474	0.8685558	0.8646847	0.789461	0.92889076	0.7207147	0.8134591	0.87509346	0.86224365	0.9132569	0.89681727	0.83290064
signaal/noun	0.8739128	0.89824975	0.88194853	0.94989514	0.8830062	0.78939396	0.79730844	0.80429274	0.8265364	0.8695048	0.93423325	0.91035175	0.8916132	0.86150426	0.8435009	0.82042164	0.8383854	0.92444885	0.86823064	0.8355555	0.9089896	0.8630723	0.87254107	0.8488424	0.79423964	0.0	0.8656829	0.88550806	0.930111	0.91332775	0.8827845	0.8994589	0.690925	0.901982	0.9333352	0.787817	0.92584103	0.905532	0.8768797	0.8102612	0.92875886	0.9221341	0.93599147	0.8518888	0.8817552	0.8497113	0.8769943	0.89113474	0.95805395	0.87204427	0.9243731	0.8826902	0.93502045	0.8881303	0.86071813	0.9106706	0.91358477	0.8290399	0.87967944	0.9361181	0.8631164	0.8767809	0.8403381	0.8716798	0.888948	0.83788556	0.88098997	0.96360254	0.82391644	0.8415039	0.91029525	0.91831005	0.8647219	0.8840471	0.8602197	0.8907823	0.8034601	0.7975276	0.8922279	0.89603895	0.90804094	0.93967956	0.8032026
kleur/noun	0.7425344	0.59341514	0.83715993	0.8710953	0.87632996	0.69791096	0.7535549	0.5623297	0.652348	0.8344702	0.67031276	0.69104797	0.85257125	0.81629604	0.8130313	0.7729732	0.8749243	0.82848173	0.68997127	0.7809366	0.74068093	0.8009964	0.74868906	0.6432017	0.85623133	0.8656829	0.0	0.6440114	0.63378155	0.9189716	0.72506404	0.89502776	0.6107068	0.52952415	0.8249761	0.58277917	0.94448215	0.63608193	0.873957	0.84497714	0.94800144	0.84124017	0.94313896	0.84480596	0.73762655	0.85262144	0.86826503	0.9024258	0.93089104	0.7325162	0.73050505	0.79413414	0.8850218	0.65965104	0.81532913	0.8483938	0.8579997	0.9410828	0.7431239	0.8414198	0.6926694	0.8472311	0.8411902	0.8418356	0.8945913	0.71216345	0.8667351	0.94460636	0.81428254	0.654004	0.8266338	0.90658545	0.6967659	0.5331241	0.7522343	0.9350182	0.7622342	0.78593695	0.8925421	0.89029104	0.921167	0.6684175	0.7631715
huid/noun	0.6838216	0.57821786	0.8878164	0.8886963	0.858759	0.8031051	0.79253197	0.7503575	0.8176617	0.84020853	0.6804764	0.7512019	0.8317865	0.85570335	0.8460411	0.78373796	0.8735179	0.8654655	0.84214664	0.78475624	0.7927682	0.8466662	0.79985994	0.5972653	0.8698771	0.88550806	0.6440114	0.0	0.49037582	0.8903869	0.7306692	0.8811175	0.739161	0.58170044	0.8811211	0.6349231	0.941556	0.64099145	0.912922	0.87081254	0.9496834	0.87327063	0.91367453	0.9016825	0.865836	0.86369723	0.8376103	0.8666402	0.9277753	0.7437281	0.7630954	0.7892131	0.87615955	0.7786249	0.7766551	0.7894261	0.91515493	0.91635245	0.6190011	0.9004205	0.7242232	0.86707294	0.84589493	0.8208551	0.8736538	0.7649386	0.85011184	0.9447369	0.7392456	0.808058	0.76326084	0.9351585	0.77780044	0.71593654	0.7994714	0.8695392	0.79009557	0.8471904	0.7373973	0.83812255	0.8841387	0.75878346	0.80704373
haar/noun	0.71068037	0.63796407	0.881399	0.90733814	0.90711904	0.838135	0.82259786	0.8023895	0.8269286	0.85347694	0.58359134	0.67636526	0.8296792	0.8907198	0.8882684	0.8273257	0.9059545	0.88181067	0.8921439	0.82146966	0.7903986	0.879316	0.83349013	0.7129246	0.93310905	0.930111	0.63378155	0.49037582	0.0	0.87348735	0.7747014	0.86889815	0.7945664	0.62626344	0.91174054	0.6701887	0.9415949	0.7382677	0.9243575	0.8939283	0.9358432	0.82843596	0.9366315	0.9274592	0.89760774	0.89002204	0.8660721	0.9032268	0.9213557	0.7328524	0.7729608	0.7707968	0.88093156	0.7699791	0.8084681	0.78830886	0.9116203	0.935198	0.5981268	0.90796924	0.69149464	0.8840865	0.89000386	0.85947967	0.85278827	0.80456847	0.87561536	0.94998693	0.73119366	0.8273189	0.75308955	0.93725044	0.81737936	0.66786504	0.86608016	0.8887265	0.82672924	0.8917566	0.7990384	0.85712564	0.88369477	0.7805786	0.8060619
klop/noun	0.88176894	0.8708399	0.9248741	0.94951487	0.9075657	0.9108985	0.8768721	0.9088563	0.9173225	0.9028686	0.9016421	0.86014736	0.8660612	0.9076067	0.92000663	0.8849335	0.90768844	0.91017944	0.914847	0.8913338	0.929773	0.9134629	0.91175956	0.9031911	0.9461497	0.91332775	0.9189716	0.8903869	0.87348735	0.0	0.8926363	0.9160608	0.88904864	0.8987326	0.94842875	0.846243	0.93022805	0.89088815	0.9190003	0.9037012	0.9025739	0.93915	0.8757518	0.9251341	0.933098	0.9128753	0.89888376	0.94096506	0.87245524	0.8771039	0.9249184	0.86588216	0.90681046	0.9019402	0.888293	0.87259555	0.8871196	0.9307971	0.8908267	0.9339223	0.8972814	0.90615034	0.9082643	0.89828575	0.85529304	0.8907439	0.77731764	0.9368818	0.831623	0.8885521	0.91818273	0.9231125	0.91199815	0.8938713	0.9356221	0.82804143	0.88737524	0.92564076	0.8470633	0.8940497	0.8929181	0.88602674	0.8947924
papier/noun	0.6979945	0.73968613	0.9384451	0.89220184	0.90718323	0.8375877	0.76514846	0.8182219	0.8714602	0.8849582	0.7245969	0.8160259	0.8860882	0.8265062	0.7530533	0.8650159	0.8987932	0.8951535	0.90799505	0.8241822	0.79379225	0.848157	0.85097545	0.7549665	0.89622116	0.8827845	0.72506404	0.7306692	0.7747014	0.8926363	0.0	0.91350025	0.8188119	0.6309427	0.93236524	0.72282755	0.8995558	0.68797237	0.9439991	0.89284474	0.92375356	0.8959829	0.9351341	0.9104748	0.86843354	0.89415216	0.8871367	0.92454004	0.92884386	0.84069383	0.738501	0.8780297	0.8294009	0.8446953	0.84805727	0.8504039	0.9363919	0.9185684	0.8521762	0.88755316	0.8083287	0.8465719	0.8764174	0.8897835	0.8822438	0.8018609	0.9049873	0.9143457	0.74132	0.8679953	0.8793302	0.948967	0.8270467	0.7846891	0.83914596	0.9106793	0.81128466	0.9016267	0.9287403	0.88943195	0.9183159	0.84120333	0.8706044
razernij/noun	0.8987157	0.9002993	0.7880798	0.92035186	0.81164265	0.8121619	0.846528	0.83946157	0.83954716	0.8352838	0.92070615	0.923315	0.8549783	0.8884026	0.9278053	0.8623904	0.77095807	0.8807963	0.8492132	0.8627538	0.915648	0.8794267	0.7950166	0.8875751	0.88165355	0.8994589	0.89502776	0.8811175	0.86889815	0.9160608	0.91350025	0.0	0.84515935	0.8878574	0.9230392	0.7735018	0.9632375	0.920878	0.83020806	0.9026423	0.91983545	0.91789824	0.9405828	0.86279833	0.88462603	0.8884215	0.74988496	0.91104144	0.9253438	0.87400025	0.90112615	0.8682489	0.9079201	0.89715374	0.8825959	0.85546714	0.9253192	0.82379204	0.8325224	0.93032116	0.82190704	0.9093643	0.8187839	0.7003006	0.88115835	0.83864653	0.8912378	0.90400875	0.8172512	0.85049385	0.8995295	0.8624086	0.873844	0.8939681	0.85974586	0.8962378	0.783998	0.7771988	0.8094608	0.84572285	0.8976573	0.8689564	0.75137985
geluid/noun	0.7961788	0.7471422	0.82663476	0.848844	0.82784367	0.7208709	0.73196137	0.37999225	0.577083	0.7628623	0.83085454	0.84856576	0.72645974	0.7183572	0.82273996	0.7078147	0.8457582	0.8332404	0.64372647	0.7140858	0.81549037	0.8233366	0.719421	0.6900544	0.8398798	0.690925	0.6107068	0.739161	0.7945664	0.88904864	0.8188119	0.84515935	0.0	0.74347156	0.7673265	0.61579335	0.94418395	0.7564864	0.8633459	0.7888197	0.89739853	0.8747489	0.9532177	0.80747783	0.72360015	0.7857499	0.81299	0.9249562	0.9416523	0.70418	0.81096274	0.74743676	0.860712	0.77672374	0.7874942	0.8305866	0.80579436	0.882254	0.7875748	0.8559559	0.68086314	0.7981212	0.743093	0.7989507	0.83491963	0.67138076	0.8006448	0.94515586	0.77248704	0.56091064	0.85680777	0.87118447	0.7440337	0.79724646	0.7494345	0.8766291	0.72864634	0.70873356	0.850896	0.84562033	0.8626805	0.7035933	0.6633842
verf/noun	0.6526278	0.5531633	0.89807254	0.8800784	0.8808913	0.7945154	0.77769864	0.735824	0.82513714	0.85687053	0.6646182	0.6774738	0.80848134	0.8466091	0.77515924	0.8160913	0.87904716	0.8683317	0.8586179	0.8293531	0.72033465	0.8018418	0.78962123	0.62330174	0.8522761	0.901982	0.52952415	0.58170044	0.62626344	0.8987326	0.6309427	0.8878574	0.74347156	0.0	0.90142566	0.6342399	0.9280245	0.599496	0.9203659	0.8868212	0.914338	0.89299375	0.92950964	0.8740111	0.82803106	0.8783848	0.8500893	0.89548856	0.953511	0.8042141	0.7428602	0.8437835	0.78100556	0.7517034	0.8255443	0.81734824	0.90564734	0.9164967	0.75367993	0.87907714	0.7190809	0.8760851	0.8080456	0.86020434	0.90138197	0.7768751	0.86494726	0.9249893	0.7856478	0.7905525	0.8228107	0.93237156	0.7830262	0.6824162	0.81160676	0.8810951	0.7632108	0.88067794	0.8855012	0.8564368	0.8903168	0.7495676	0.8012535
zang_stem/noun	0.9354515	0.8862314	0.8743074	0.9204117	0.9190624	0.86375093	0.89173716	0.733822	0.80591494	0.9151663	0.9397679	0.95757836	0.9232577	0.8702295	0.91945356	0.85689354	0.9305257	0.9021009	0.8488388	0.83152574	0.91346145	0.8925184	0.87763095	0.9072548	0.9238461	0.9333352	0.8249761	0.8811211	0.91174054	0.94842875	0.93236524	0.9230392	0.7673265	0.90142566	0.0	0.8336273	0.9622541	0.91779727	0.9194937	0.87994665	0.9445586	0.92149925	0.9502176	0.925454	0.86084616	0.91105884	0.89992315	0.9586155	0.928656	0.83873844	0.931781	0.894945	0.9479788	0.8793246	0.8719939	0.89753485	0.92110723	0.9299488	0.87872946	0.9638521	0.88085747	0.9286563	0.92989886	0.886676	0.8887546	0.81065285	0.91784585	0.9430449	0.8873974	0.7850127	0.935456	0.9272971	0.85762787	0.8984531	0.8928333	0.9441346	0.8640696	0.86281884	0.9227557	0.91601646	0.945503	0.8342573	0.88217896
en/vg	0.70083994	0.6311437	0.7859504	0.7937632	0.730486	0.57840806	0.7086248	0.58845925	0.6750711	0.7118778	0.6866777	0.7653147	0.7642672	0.707521	0.73749226	0.7191542	0.78600806	0.80142283	0.69382536	0.7344121	0.76749635	0.7245643	0.6901895	0.6859502	0.74891883	0.787817	0.58277917	0.6349231	0.6701887	0.846243	0.72282755	0.7735018	0.61579335	0.6342399	0.8336273	0.0	0.89910483	0.6678735	0.83564943	0.80380166	0.90939367	0.81952643	0.8310746	0.8127489	0.7141896	0.80771255	0.7274978	0.8516108	0.89208424	0.66099644	0.733175	0.6940371	0.7905891	0.7372111	0.70759183	0.72220147	0.8140415	0.77645665	0.7338097	0.8046652	0.64492023	0.8042209	0.73377705	0.70654774	0.812845	0.639742	0.80648565	0.8452748	0.6519939	0.62814075	0.75630635	0.8689472	0.6682321	0.66141415	0.7459097	0.8092758	0.5857686	0.72504276	0.7564453	0.7786974	0.83679956	0.56681216	0.6901376
punt/noun	0.9386688	0.9431017	0.93364656	0.9460965	0.9494804	0.91458094	0.8534813	0.94149864	0.9359077	0.8744824	0.91821975	0.8123271	0.88782066	0.9327685	0.91060245	0.848958	0.8734682	0.9408492	0.94621843	0.8950238	0.92171204	0.88930184	0.93639237	0.93039227	0.94146013	0.92584103	0.94448215	0.941556	0.9415949	0.93022805	0.8995558	0.9632375	0.94418395	0.9280245	0.9622541	0.89910483	0.0	0.9421764	0.93405104	0.92874885	0.9606638	0.9542771	0.8232181	0.93581325	0.94027627	0.88409555	0.9397336	0.9429234	0.8877641	0.8829689	0.94362974	0.9317679	0.94765174	0.85360897	0.8800933	0.87341005	0.9472196	0.9021195	0.9389953	0.91857284	0.9479543	0.92855424	0.94443285	0.93252534	0.9225105	0.91272444	0.8616151	0.91155404	0.8964309	0.91774297	0.9428365	0.93994653	0.93200403	0.90672296	0.9263945	0.87559426	0.89147174	0.9135988	0.94534224	0.94454414	0.8374851	0.9614372	0.9392183
kunststof/noun	0.72909504	0.61126447	0.8838834	0.87903047	0.9055846	0.81273866	0.7945649	0.7770502	0.8686223	0.90026057	0.7171405	0.81132656	0.8775294	0.8646101	0.7740934	0.84604675	0.9041436	0.9106356	0.86271507	0.8361918	0.7373254	0.83451205	0.8527498	0.6524111	0.8823947	0.905532	0.63608193	0.64099145	0.7382677	0.89088815	0.68797237	0.920878	0.7564864	0.599496	0.91779727	0.6678735	0.9421764	0.0	0.9160311	0.9271626	0.94010895	0.8741553	0.9401014	0.9094061	0.870348	0.9100914	0.8897082	0.9378844	0.9488257	0.8000362	0.805832	0.86581457	0.79300606	0.82688963	0.8377858	0.84715635	0.91109514	0.9394676	0.8505376	0.8823539	0.8078546	0.88052297	0.86909217	0.8857186	0.91932446	0.7924135	0.8732594	0.9493881	0.8283617	0.81549597	0.8578584	0.9331338	0.77509755	0.7468751	0.8645919	0.9046456	0.8227192	0.9142909	0.90833884	0.90723	0.9109136	0.80539095	0.8652065
gelatenheid/noun	0.9075388	0.923475	0.6617569	0.9252218	0.8432202	0.82282525	0.8164918	0.8552703	0.80550396	0.83917177	0.9441994	0.9217847	0.9066018	0.92277825	0.9381821	0.8508676	0.7046264	0.93728775	0.7600687	0.8658321	0.9256113	0.8904971	0.82040584	0.9303299	0.9060439	0.8768797	0.873957	0.912922	0.9243575	0.9190003	0.9439991	0.83020806	0.8633459	0.9203659	0.9194937	0.83564943	0.93405104	0.9160311	0.0	0.8715627	0.9419707	0.9094973	0.93933916	0.8702284	0.8978903	0.88192856	0.806234	0.94804883	0.92271215	0.89114547	0.90702945	0.8837562	0.93492246	0.87031555	0.89892995	0.91259533	0.9228104	0.911601	0.86619866	0.94532216	0.84042156	0.9298991	0.8856547	0.73481494	0.8518446	0.8610234	0.91996396	0.93735653	0.8571882	0.8438004	0.9063616	0.846838	0.90495896	0.8990431	0.8682542	0.9200667	0.8296083	0.7383254	0.82084733	0.8530247	0.92618394	0.8806476	0.8570246
indruk/noun	0.9302703	0.897996	0.85543984	0.9167244	0.8769573	0.76632845	0.8461417	0.77272946	0.7317844	0.85386	0.9224162	0.91929334	0.9052011	0.8629969	0.9064246	0.75050443	0.81860447	0.9345325	0.7266375	0.7414145	0.91154253	0.9053456	0.81054705	0.89820826	0.84868515	0.8102612	0.84497714	0.87081254	0.8939283	0.9037012	0.89284474	0.9026423	0.7888197	0.8868212	0.87994665	0.80380166	0.92874885	0.9271626	0.8715627	0.0	0.9339522	0.9114712	0.91955066	0.8647827	0.81220937	0.8465249	0.8628365	0.8841978	0.9119735	0.73013556	0.9121216	0.794191	0.936923	0.8385929	0.792214	0.89255106	0.9484678	0.8953975	0.81382096	0.93012923	0.7782115	0.93215495	0.9111075	0.8388637	0.85562724	0.71927035	0.85394573	0.94267064	0.8446736	0.80975354	0.90994394	0.8579399	0.8612398	0.8856558	0.8362509	0.90260035	0.7853539	0.70722103	0.87584186	0.89861834	0.92049915	0.8456602	0.83231735
verkeer_ellende/noun	0.8944645	0.93160504	0.9175375	0.93870765	0.86738145	0.9259478	0.86802787	0.92901707	0.9514468	0.91063684	0.9468314	0.922724	0.84768784	0.93004584	0.9305746	0.9054756	0.85709465	0.95087755	0.91880494	0.9017605	0.8916774	0.89350396	0.90555704	0.91115344	0.92381287	0.92875886	0.94800144	0.9496834	0.9358432	0.9025739	0.92375356	0.91983545	0.89739853	0.914338	0.9445586	0.90939367	0.9606638	0.94010895	0.9419707	0.9339522	0.0	0.91408575	0.9532121	0.8853487	0.9341612	0.9262434	0.73846436	0.95075184	0.960184	0.91794145	0.9391313	0.923286	0.84830654	0.9351172	0.8961132	0.924621	0.9269772	0.9240928	0.9423473	0.9162599	0.93029755	0.93623865	0.837648	0.8841469	0.9190472	0.92865074	0.87177396	0.9366522	0.91073984	0.9301806	0.9654348	0.90888554	0.91766584	0.9492575	0.9246837	0.8509305	0.87094665	0.93228394	0.854496	0.78102225	0.9254974	0.92053926	0.9448413
kort/adj	0.8978049	0.87729365	0.92547303	0.9049101	0.9075967	0.8606057	0.8073813	0.87675124	0.84075105	0.90560764	0.8719107	0.8606224	0.8767282	0.81048846	0.91034085	0.8732639	0.8949992	0.9190328	0.90706205	0.86687195	0.9047997	0.8735657	0.89524853	0.8921835	0.8871673	0.9221341	0.84124017	0.87327063	0.82843596	0.93915	0.8959829	0.91789824	0.8747489	0.89299375	0.92149925	0.81952643	0.9542771	0.8741553	0.9094973	0.9114712	0.91408575	0.0	0.93358976	0.87487316	0.83034647	0.8970405	0.8936726	0.92742765	0.9466113	0.8655167	0.8578038	0.9111653	0.93482494	0.8959198	0.87127614	0.89403623	0.9169645	0.91517395	0.90521693	0.9146138	0.8998493	0.9387264	0.86849487	0.88096154	0.90303123	0.8161603	0.9229833	0.9337886	0.86931455	0.8530115	0.90675545	0.9502256	0.85980594	0.8655284	0.8935665	0.90847147	0.8455719	0.93242884	0.9076465	0.92033726	0.91124153	0.85357714	0.8514682
slag/noun	0.9352321	0.94200397	0.9406891	0.9624318	0.9175121	0.9223448	0.91598415	0.941116	0.9559906	0.9131118	0.9472701	0.8573923	0.8559521	0.93665767	0.9454163	0.933917	0.89858276	0.9100283	0.9411482	0.93329924	0.9194721	0.90219903	0.9387475	0.9249858	0.9338426	0.93599147	0.94313896	0.91367453	0.9366315	0.8757518	0.9351341	0.9405828	0.9532177	0.92950964	0.9502176	0.8310746	0.8232181	0.9401014	0.93933916	0.91955066	0.9532121	0.93358976	0.0	0.9286037	0.9451737	0.92442596	0.9212924	0.9374486	0.91291094	0.9211476	0.96962416	0.9394032	0.8945693	0.91290146	0.9326052	0.87661356	0.9277732	0.8254044	0.95102686	0.9036655	0.9516835	0.949058	0.8868132	0.9332225	0.92551214	0.92883384	0.81290805	0.9427072	0.8898729	0.91396207	0.9148508	0.9619914	0.9482621	0.91157377	0.9613118	0.70510733	0.88599634	0.95287097	0.8855439	0.9102976	0.81944287	0.93555003	0.93142366
herhaling/noun	0.90838	0.9016907	0.8423918	0.9180257	0.81956255	0.75214726	0.7397623	0.7909951	0.7856038	0.8388479	0.92642915	0.9152861	0.9115341	0.77516466	0.88934714	0.80450034	0.8268804	0.8794988	0.8517721	0.82190216	0.9005932	0.82639	0.8236141	0.8735669	0.79663485	0.8518888	0.84480596	0.9016825	0.9274592	0.9251341	0.9104748	0.86279833	0.80747783	0.8740111	0.925454	0.8127489	0.93581325	0.9094061	0.8702284	0.8647827	0.8853487	0.87487316	0.9286037	0.0	0.7630099	0.7627678	0.80247223	0.9000356	0.9156124	0.849395	0.87957495	0.84787	0.93790674	0.85446316	0.8512672	0.8905895	0.9038897	0.83335006	0.9026965	0.8990071	0.8598587	0.9012921	0.8134913	0.8246144	0.8804756	0.77265686	0.8954953	0.91892254	0.8325989	0.7852302	0.90219724	0.86819816	0.80258834	0.85356396	0.8112689	0.92299634	0.743088	0.83593136	0.8791251	0.8657841	0.92653596	0.86936104	0.8080895
voorstelling/noun	0.9030631	0.8572168	0.8699753	0.7412603	0.88129544	0.71104026	0.8183617	0.64029694	0.70064926	0.8424871	0.9038638	0.9126732	0.9089824	0.72339654	0.88145274	0.7933033	0.8653701	0.86472464	0.6986635	0.7692739	0.8833072	0.80691284	0.7954823	0.85453224	0.82647395	0.8817552	0.73762655	0.865836	0.89760774	0.933098	0.86843354	0.88462603	0.72360015	0.82803106	0.86084616	0.7141896	0.94027627	0.870348	0.8978903	0.81220937	0.9341612	0.83034647	0.9451737	0.7630099	0.0	0.773317	0.87203526	0.94469506	0.9337152	0.78587717	0.837886	0.8445813	0.93569523	0.7892313	0.85225976	0.9039343	0.89025176	0.8969556	0.8913454	0.84128433	0.79883605	0.9192591	0.8676682	0.843074	0.89691544	0.71329874	0.8941073	0.9448344	0.8573159	0.67898273	0.908338	0.89485437	0.76734537	0.8479818	0.7490927	0.9480243	0.7359583	0.806482	0.9194251	0.88536435	0.9333267	0.7416118	0.77801734
kijker/noun	0.8851205	0.89385617	0.8675826	0.88086545	0.8803553	0.77116007	0.77050745	0.80490494	0.7986183	0.81730866	0.9041213	0.87914383	0.8910837	0.8058396	0.750129	0.76898575	0.8397567	0.89787555	0.8445899	0.76838195	0.92192733	0.8566273	0.8363133	0.8754477	0.81613433	0.8497113	0.85262144	0.86369723	0.89002204	0.9128753	0.89415216	0.8884215	0.7857499	0.8783848	0.91105884	0.80771255	0.88409555	0.9100914	0.88192856	0.8465249	0.9262434	0.8970405	0.92442596	0.7627678	0.773317	0.0	0.843938	0.92599595	0.93639255	0.78802955	0.8325208	0.79040116	0.9428102	0.85787934	0.8374758	0.8696891	0.92357594	0.8940135	0.8169555	0.8982835	0.7694227	0.8939181	0.8916703	0.8325961	0.7436377	0.79314035	0.8564622	0.92850196	0.7147962	0.8089738	0.86228144	0.8814752	0.83548635	0.87973917	0.80278987	0.9173432	0.7537486	0.7959012	0.86881006	0.8677573	0.8972054	0.834504	0.8012661
ellende/noun	0.8813367	0.8448555	0.7660472	0.898868	0.5858239	0.7677806	0.7515614	0.80693847	0.85571784	0.7612579	0.8922759	0.88582057	0.84586024	0.88593996	0.89193445	0.7763282	0.62876534	0.8704572	0.8342947	0.7979285	0.8900271	0.83556795	0.69839793	0.83779	0.85002714	0.8769943	0.86826503	0.8376103	0.8660721	0.89888376	0.8871367	0.74988496	0.81299	0.8500893	0.89992315	0.7274978	0.9397336	0.8897082	0.806234	0.8628365	0.73846436	0.8936726	0.9212924	0.80247223	0.87203526	0.843938	0.0	0.9260483	0.9457143	0.8243916	0.8879933	0.78605855	0.90388346	0.81946254	0.84876984	0.86563665	0.9303105	0.8366723	0.8207564	0.9112875	0.8178946	0.89789116	0.7584553	0.5286242	0.784106	0.8119272	0.8386433	0.9036946	0.7365762	0.84959304	0.9122288	0.8261261	0.8504141	0.8566393	0.7358503	0.82600814	0.6816821	0.7268834	0.5939736	0.46661615	0.9214377	0.84324145	0.78040236
blazoen/noun	0.90340894	0.89890206	0.8998198	0.92695636	0.9098654	0.8818197	0.88761103	0.923027	0.905725	0.9328213	0.9130025	0.88756007	0.92582977	0.9204956	0.9147183	0.90292794	0.91184956	0.93474543	0.92175543	0.88771665	0.9195758	0.8714584	0.8920506	0.91914064	0.8872534	0.89113474	0.9024258	0.8666402	0.9032268	0.94096506	0.92454004	0.91104144	0.9249562	0.89548856	0.9586155	0.8516108	0.9429234	0.9378844	0.94804883	0.8841978	0.95075184	0.92742765	0.9374486	0.9000356	0.94469506	0.92599595	0.9260483	0.0	0.955055	0.9120454	0.89363694	0.9152977	0.92332345	0.877541	0.9088567	0.8828169	0.9174013	0.88523483	0.8985883	0.96003103	0.9089167	0.9323481	0.906469	0.9030362	0.9264183	0.8947039	0.8793433	0.9183033	0.90961725	0.94037616	0.91133696	0.9484934	0.88525057	0.9043167	0.9296492	0.89095145	0.90616417	0.9052342	0.9264531	0.9141994	0.918669	0.945191	0.91540575
Marat/name	0.94736636	0.95838934	0.9187878	0.95887977	0.925354	0.9120779	0.923444	0.9333785	0.9326991	0.894356	0.9164725	0.8878234	0.91137815	0.9408006	0.95191395	0.9107535	0.8883587	0.9484088	0.9363959	0.9257795	0.95060897	0.92712396	0.9371542	0.9558186	0.95011497	0.95805395	0.93089104	0.9277753	0.9213557	0.87245524	0.92884386	0.9253438	0.9416523	0.953511	0.928656	0.89208424	0.8877641	0.9488257	0.92271215	0.9119735	0.960184	0.9466113	0.91291094	0.9156124	0.9337152	0.93639255	0.9457143	0.955055	0.0	0.9047195	0.94367254	0.92050505	0.9427469	0.8612946	0.9098794	0.9252752	0.93393373	0.90787697	0.92922837	0.95324683	0.92963684	0.95576674	0.9319459	0.92503726	0.90461797	0.9043494	0.9128006	0.9576292	0.8928093	0.89799476	0.94933325	0.8876685	0.9138883	0.8953261	0.92348945	0.93231404	0.8936755	0.9426437	0.91966504	0.93362945	0.90928066	0.92626953	0.92881626
wat/adv	0.8430121	0.78843564	0.8243996	0.8733522	0.8635821	0.64289653	0.7506182	0.6767771	0.60346174	0.78790635	0.7865012	0.832734	0.8309349	0.86870587	0.83210576	0.47618878	0.82193553	0.8794914	0.6934779	0.52224755	0.82425165	0.83557355	0.8015141	0.7710361	0.80473936	0.87204427	0.7325162	0.7437281	0.7328524	0.8771039	0.84069383	0.87400025	0.70418	0.8042141	0.83873844	0.66099644	0.8829689	0.8000362	0.89114547	0.73013556	0.91794145	0.8655167	0.9211476	0.849395	0.78587717	0.78802955	0.8243916	0.9120454	0.9047195	0.0	0.8285563	0.3462401	0.8900648	0.79800206	0.4619317	0.8214588	0.8763424	0.88270104	0.7649253	0.90024894	0.68064904	0.8642561	0.88489467	0.83250105	0.669086	0.5009646	0.8140517	0.91464996	0.6750949	0.68126345	0.83184075	0.9071458	0.7428155	0.79195166	0.78134704	0.88638604	0.6757096	0.7757249	0.8286177	0.8214071	0.876375	0.66563237	0.7720837
blad/noun	0.7955089	0.753031	0.92490625	0.89541477	0.91771734	0.7862857	0.80812156	0.8155736	0.7935586	0.86479366	0.7977575	0.855628	0.89777493	0.8185508	0.8127619	0.8223797	0.8839326	0.8780961	0.870241	0.800222	0.8399778	0.84186304	0.84983253	0.77601266	0.8645354	0.9243731	0.73050505	0.7630954	0.7729608	0.9249184	0.738501	0.90112615	0.81096274	0.7428602	0.931781	0.733175	0.94362974	0.805832	0.90702945	0.9121216	0.9391313	0.8578038	0.96962416	0.87957495	0.837886	0.8325208	0.8879933	0.89363694	0.94367254	0.8285563	0.0	0.8632558	0.9096654	0.8469213	0.8665642	0.87487024	0.90246487	0.8960818	0.8416853	0.88308865	0.80031884	0.8674456	0.8984288	0.88490677	0.88815224	0.7898654	0.9088119	0.90219474	0.7983309	0.8588424	0.88817394	0.9377476	0.75810987	0.84518397	0.83327675	0.92604953	0.79303855	0.903187	0.938565	0.89877677	0.9228456	0.82432914	0.8084446
beetje/noun	0.8412243	0.8048055	0.7903476	0.8896083	0.83068424	0.70043063	0.7451861	0.7546902	0.7158113	0.7750202	0.8182104	0.8608364	0.85095435	0.88157636	0.8660399	0.47284228	0.8064923	0.86941254	0.7578167	0.61089796	0.867061	0.83995396	0.77448034	0.83172166	0.8292841	0.8826902	0.79413414	0.7892131	0.7707968	0.86588216	0.8780297	0.8682489	0.74743676	0.8437835	0.894945	0.6940371	0.9317679	0.86581457	0.8837562	0.794191	0.923286	0.9111653	0.9394032	0.84787	0.8445813	0.79040116	0.78605855	0.9152977	0.92050505	0.3462401	0.8632558	0.0	0.91477656	0.8297734	0.627141	0.83985615	0.9097141	0.8915412	0.7695383	0.9044397	0.6905118	0.87876207	0.888192	0.7683134	0.55833524	0.6436967	0.8642024	0.9092907	0.61182714	0.75035876	0.83764935	0.9102826	0.8103231	0.8323	0.79123	0.9061157	0.67016184	0.7185552	0.79556936	0.7845189	0.89435756	0.67897177	0.763614
beton_blok/noun	0.8577418	0.80991566	0.9450838	0.90892035	0.9331994	0.90408677	0.86425257	0.9007497	0.93599945	0.92306316	0.8420141	0.86197037	0.7992065	0.9241784	0.8632124	0.9097905	0.9140392	0.94100153	0.92947066	0.92425644	0.75308317	0.8475022	0.865061	0.81837815	0.89468974	0.93502045	0.8850218	0.87615955	0.88093156	0.90681046	0.8294009	0.9079201	0.860712	0.78100556	0.9479788	0.7905891	0.94765174	0.79300606	0.93492246	0.936923	0.84830654	0.93482494	0.8945693	0.93790674	0.93569523	0.9428102	0.90388346	0.92332345	0.9427469	0.8900648	0.9096654	0.91477656	0.0	0.9205649	0.8859684	0.8345518	0.92178047	0.90307677	0.9053813	0.9152279	0.86176735	0.8876055	0.79462636	0.89590937	0.94041103	0.8986765	0.87420464	0.9368816	0.8665515	0.90725935	0.91814196	0.9276084	0.9254921	0.9000259	0.9093713	0.7827331	0.85951227	0.94955677	0.9316854	0.87433445	0.8371236	0.9025712	0.90776813
glans/noun	0.8440529	0.75808316	0.84410995	0.8819931	0.8662997	0.7713777	0.7743845	0.72119164	0.77511877	0.7807561	0.8097635	0.7963998	0.87758386	0.840039	0.8596712	0.7863491	0.8213178	0.86226165	0.78133047	0.83235574	0.8603202	0.82240546	0.8220165	0.81053674	0.88304687	0.8881303	0.65965104	0.7786249	0.7699791	0.9019402	0.8446953	0.89715374	0.77672374	0.7517034	0.8793246	0.7372111	0.85360897	0.82688963	0.87031555	0.8385929	0.9351172	0.8959198	0.91290146	0.85446316	0.7892313	0.85787934	0.81946254	0.877541	0.8612946	0.79800206	0.8469213	0.8297734	0.9205649	0.0	0.8426885	0.8673033	0.8925595	0.8703263	0.8332321	0.88407063	0.7837018	0.8898102	0.88523936	0.84507775	0.87331986	0.7785843	0.82458156	0.9307482	0.8214373	0.7963651	0.852645	0.9112158	0.81103146	0.78053516	0.81248647	0.86270666	0.8235046	0.78128487	0.8431064	0.8388348	0.89751697	0.787472	0.8249994
te/adv	0.8447277	0.8389003	0.86397046	0.8951658	0.87222105	0.6979149	0.76375616	0.77906394	0.7275697	0.8384434	0.8302634	0.83778477	0.8504752	0.89487994	0.83146125	0.7129168	0.84338236	0.885671	0.8262933	0.5215517	0.8358587	0.8679104	0.8360528	0.80294746	0.8011695	0.86071813	0.81532913	0.7766551	0.8084681	0.888293	0.84805727	0.8825959	0.7874942	0.8255443	0.8719939	0.70759183	0.8800933	0.8377858	0.89892995	0.792214	0.8961132	0.87127614	0.9326052	0.8512672	0.85225976	0.8374758	0.84876984	0.9088567	0.9098794	0.4619317	0.8665642	0.627141	0.8859684	0.8426885	0.0	0.8616233	0.89675534	0.8909452	0.81843114	0.90592504	0.76939815	0.88273513	0.8698399	0.8502605	0.7595879	0.5529072	0.8713978	0.9310534	0.74115086	0.7869078	0.8791742	0.92980516	0.7773883	0.84039676	0.80738807	0.88946354	0.6790717	0.8444654	0.83099616	0.84163696	0.87791604	0.79153347	0.82447034
schoot/noun	0.83116525	0.85123104	0.8764538	0.89455813	0.8935114	0.83512807	0.8271952	0.84473157	0.8669633	0.8064921	0.8018657	0.84525335	0.66770315	0.8720335	0.88039476	0.84275097	0.86120063	0.8918191	0.8752285	0.8602344	0.88396466	0.8445625	0.8407577	0.8578745	0.89184326	0.9106706	0.8483938	0.7894261	0.78830886	0.87259555	0.8504039	0.85546714	0.8305866	0.81734824	0.89753485	0.72220147	0.87341005	0.84715635	0.91259533	0.89255106	0.924621	0.89403623	0.87661356	0.8905895	0.9039343	0.8696891	0.86563665	0.8828169	0.9252752	0.8214588	0.87487024	0.83985615	0.8345518	0.8673033	0.8616233	0.0	0.90003675	0.82700527	0.78729457	0.89808965	0.7532044	0.8865379	0.78751767	0.8390776	0.87074137	0.8321689	0.83629453	0.8950505	0.7684941	0.85746545	0.8246627	0.9321607	0.87759995	0.84451824	0.88720655	0.7896271	0.8094373	0.8765692	0.8591385	0.8643053	0.5820784	0.79560184	0.8080443
trom/noun	0.94754624	0.9137046	0.91417176	0.93458337	0.9325907	0.8956349	0.89599305	0.7959002	0.8242455	0.8548326	0.90486604	0.9031697	0.8812466	0.890774	0.9275186	0.9110065	0.92960155	0.9040193	0.9071826	0.88092256	0.93333024	0.8880658	0.9011128	0.91281396	0.9333293	0.91358477	0.8579997	0.91515493	0.9116203	0.8871196	0.9363919	0.9253192	0.80579436	0.90564734	0.92110723	0.8140415	0.9472196	0.91109514	0.9228104	0.9484678	0.9269772	0.9169645	0.9277732	0.9038897	0.89025176	0.92357594	0.9303105	0.9174013	0.93393373	0.8763424	0.90246487	0.9097141	0.92178047	0.8925595	0.89675534	0.90003675	0.0	0.94495666	0.9323974	0.95541745	0.9044992	0.91724676	0.90856963	0.9194297	0.91102976	0.89285594	0.8596741	0.92102146	0.8769868	0.80574703	0.92552555	0.9555866	0.8931381	0.907192	0.90731865	0.8879534	0.89362305	0.88480306	0.914579	0.909448	0.9276063	0.8862625	0.85276574
poging/noun	0.9093458	0.9129453	0.8970926	0.95770323	0.82680136	0.801119	0.8368783	0.8819185	0.8697538	0.8443183	0.91076845	0.90305394	0.8027785	0.89948684	0.891652	0.7910597	0.81507105	0.9410224	0.899199	0.86101174	0.93524015	0.84544605	0.85776675	0.9136305	0.8463132	0.8290399	0.9410828	0.91635245	0.935198	0.9307971	0.9185684	0.82379204	0.882254	0.9164967	0.9299488	0.77645665	0.9021195	0.9394676	0.911601	0.8953975	0.9240928	0.91517395	0.8254044	0.83335006	0.8969556	0.8940135	0.8366723	0.88523483	0.90787697	0.88270104	0.8960818	0.8915412	0.90307677	0.8703263	0.8909452	0.82700527	0.94495666	0.0	0.9126943	0.92606485	0.8862385	0.9258668	0.8401933	0.8497864	0.9222919	0.81235176	0.8792894	0.9170875	0.8287905	0.88682556	0.9091718	0.9022851	0.8561232	0.8909935	0.83316875	0.8684879	0.8054832	0.87885976	0.894111	0.8860982	0.7452554	0.9374242	0.83788925
oog/noun	0.8312079	0.78902006	0.82198596	0.9042632	0.85017365	0.8019201	0.8371585	0.80459476	0.79664856	0.81691873	0.78772557	0.7772739	0.8336445	0.9042368	0.9173121	0.78606486	0.8485548	0.88942134	0.87089133	0.8063032	0.82795715	0.88114893	0.7927195	0.7582189	0.8701137	0.87967944	0.7431239	0.6190011	0.5981268	0.8908267	0.8521762	0.8325224	0.7875748	0.75367993	0.87872946	0.7338097	0.9389953	0.8505376	0.86619866	0.81382096	0.9423473	0.90521693	0.95102686	0.9026965	0.8913454	0.8169555	0.8207564	0.8985883	0.92922837	0.7649253	0.8416853	0.7695383	0.9053813	0.8332321	0.81843114	0.78729457	0.9323974	0.9126943	0.0	0.93526196	0.53118134	0.88496757	0.8736751	0.76940763	0.8294998	0.7939813	0.8695619	0.9150008	0.75593174	0.84355974	0.67375004	0.9218951	0.85156775	0.76502645	0.8154466	0.9015661	0.79346514	0.82313025	0.78571385	0.85559165	0.8805162	0.8375782	0.77416086
e/noun	0.898101	0.8920221	0.9332223	0.9108394	0.9249867	0.84608316	0.8571454	0.7958644	0.8632746	0.88882506	0.8849654	0.8850745	0.91124487	0.83957624	0.8542553	0.86815023	0.9100052	0.75078857	0.89673126	0.88831025	0.81639236	0.86689854	0.9190926	0.894733	0.92274356	0.9361181	0.8414198	0.9004205	0.90796924	0.9339223	0.88755316	0.93032116	0.8559559	0.87907714	0.9638521	0.8046652	0.91857284	0.8823539	0.94532216	0.93012923	0.9162599	0.9146138	0.9036655	0.8990071	0.84128433	0.8982835	0.9112875	0.96003103	0.95324683	0.90024894	0.88308865	0.9044397	0.9152279	0.88407063	0.90592504	0.89808965	0.95541745	0.92606485	0.93526196	0.0	0.8694912	0.8733915	0.88905245	0.90400213	0.9266041	0.85588276	0.9170084	0.93803436	0.88016087	0.8499895	0.9175485	0.9576409	0.83924985	0.86514866	0.91499454	0.93952405	0.84326404	0.92676556	0.93498135	0.9174128	0.91489303	0.8550662	0.8537138
blik/noun	0.78805625	0.73488164	0.7937048	0.86800355	0.8647032	0.7160799	0.7937436	0.71030235	0.642823	0.77202207	0.7713284	0.8224149	0.83388615	0.8525554	0.83860075	0.6895976	0.81691766	0.8564908	0.75206065	0.7219572	0.8415362	0.84819096	0.73006463	0.7498577	0.8460654	0.8631164	0.6926694	0.7242232	0.69149464	0.8972814	0.8083287	0.82190704	0.68086314	0.7190809	0.88085747	0.64492023	0.9479543	0.8078546	0.84042156	0.7782115	0.93029755	0.8998493	0.9516835	0.8598587	0.79883605	0.7694227	0.8178946	0.9089167	0.92963684	0.68064904	0.80031884	0.6905118	0.86176735	0.7837018	0.76939815	0.7532044	0.9044992	0.8862385	0.53118134	0.8694912	0.0	0.86379445	0.8622379	0.799183	0.7992016	0.6840562	0.87769353	0.9137217	0.707515	0.79471266	0.7506577	0.906596	0.7846434	0.77068114	0.7546253	0.88994545	0.7448029	0.76114726	0.83606106	0.84610474	0.85665524	0.70615983	0.70915693
klik/noun	0.8752631	0.8822887	0.8959316	0.9072065	0.90132	0.84549785	0.8169025	0.8257877	0.8736942	0.86575043	0.86009276	0.89616704	0.8519874	0.8623798	0.8749049	0.87209517	0.9015955	0.8857249	0.8972992	0.8425527	0.8697329	0.8449441	0.8606489	0.843292	0.89567685	0.8767809	0.8472311	0.86707294	0.8840865	0.90615034	0.8465719	0.9093643	0.7981212	0.8760851	0.9286563	0.8042209	0.92855424	0.88052297	0.9298991	0.93215495	0.93623865	0.9387264	0.949058	0.9012921	0.9192591	0.8939181	0.89789116	0.9323481	0.95576674	0.8642561	0.8674456	0.87876207	0.8876055	0.8898102	0.88273513	0.8865379	0.91724676	0.9258668	0.88496757	0.8733915	0.86379445	0.0	0.8549265	0.8865125	0.86949384	0.8401537	0.85886616	0.9454389	0.8172374	0.8598412	0.89846736	0.94394004	0.88126904	0.88508296	0.8761897	0.8583674	0.8252604	0.8984811	0.8958963	0.9143441	0.87458825	0.8654772	0.8549252
explosie/noun	0.8038324	0.848847	0.8815024	0.87358665	0.8332906	0.81911844	0.8158365	0.80439585	0.85793644	0.8399819	0.8932525	0.88265705	0.6011652	0.8799964	0.8675322	0.83563995	0.8188604	0.9134471	0.86515415	0.86491126	0.8763813	0.80210936	0.8195976	0.796147	0.85810816	0.8403381	0.8411902	0.84589493	0.89000386	0.9082643	0.8764174	0.8187839	0.743093	0.8080456	0.92989886	0.73377705	0.94443285	0.86909217	0.8856547	0.9111075	0.837648	0.86849487	0.8868132	0.8134913	0.8676682	0.8916703	0.7584553	0.906469	0.9319459	0.88489467	0.8984288	0.888192	0.79462636	0.88523936	0.8698399	0.78751767	0.90856963	0.8401933	0.8736751	0.88905245	0.8622379	0.8549265	0.0	0.8032367	0.9131789	0.83987415	0.81386906	0.9181203	0.83874476	0.8485701	0.8831406	0.913105	0.84702265	0.9011375	0.8413948	0.7289315	0.7878492	0.8602183	0.8346171	0.8350329	0.83057046	0.8823073	0.77980196
verdriet/noun	0.86958706	0.84744465	0.6232691	0.92218864	0.6362421	0.7550234	0.73156255	0.77714854	0.78891706	0.7151526	0.88566697	0.903428	0.8601703	0.85986936	0.910209	0.75400794	0.49573207	0.8514924	0.7804872	0.7939878	0.89623517	0.85245323	0.6388095	0.84642226	0.83784986	0.8716798	0.8418356	0.8208551	0.85947967	0.89828575	0.8897835	0.7003006	0.7989507	0.86020434	0.886676	0.70654774	0.93252534	0.8857186	0.73481494	0.8388637	0.8841469	0.88096154	0.9332225	0.8246144	0.843074	0.8325961	0.5286242	0.9030362	0.92503726	0.83250105	0.88490677	0.7683134	0.89590937	0.84507775	0.8502605	0.8390776	0.9194297	0.8497864	0.76940763	0.90400213	0.799183	0.8865125	0.8032367	0.0	0.7712084	0.7961166	0.8371568	0.90157515	0.72568166	0.82814586	0.89283687	0.8354548	0.8575913	0.8535199	0.75975907	0.8408831	0.7021095	0.5337603	0.52416384	0.68410814	0.9270697	0.8040459	0.6958125
ik/pron	0.8847926	0.9081932	0.8363778	0.9279519	0.8305517	0.80515975	0.6989548	0.8564263	0.84239554	0.82395005	0.81887853	0.8789084	0.8493919	0.9222309	0.8614775	0.76887923	0.79966956	0.88101757	0.83263195	0.6030623	0.9135451	0.8928155	0.81070375	0.90768373	0.8349586	0.888948	0.8945913	0.8736538	0.85278827	0.85529304	0.8822438	0.88115835	0.83491963	0.90138197	0.8887546	0.812845	0.9225105	0.91932446	0.8518446	0.85562724	0.9190472	0.90303123	0.92551214	0.8804756	0.89691544	0.7436377	0.784106	0.9264183	0.90461797	0.669086	0.88815224	0.55833524	0.94041103	0.87331986	0.7595879	0.87074137	0.91102976	0.9222919	0.8294998	0.9266041	0.7992016	0.86949384	0.9131789	0.7712084	0.0	0.8210202	0.8705126	0.8564426	0.32746673	0.80936044	0.85516965	0.90212303	0.91195166	0.8773222	0.85113025	0.9037746	0.6963316	0.75374687	0.72704536	0.790013	0.9049319	0.75125617	0.8269128
tamelijk/adj	0.8201054	0.78999007	0.7952175	0.8497573	0.8156923	0.52807444	0.7127838	0.62452865	0.5650511	0.81323206	0.8289308	0.84247696	0.86495656	0.7540555	0.81793004	0.5446824	0.81448317	0.8463091	0.69316715	0.5344301	0.82733387	0.7845204	0.7545852	0.73715657	0.7932323	0.83788556	0.71216345	0.7649386	0.80456847	0.8907439	0.8018609	0.83864653	0.67138076	0.7768751	0.81065285	0.639742	0.91272444	0.7924135	0.8610234	0.71927035	0.92865074	0.8161603	0.92883384	0.77265686	0.71329874	0.79314035	0.8119272	0.8947039	0.9043494	0.5009646	0.7898654	0.6436967	0.8986765	0.7785843	0.5529072	0.8321689	0.89285594	0.81235176	0.7939813	0.85588276	0.6840562	0.8401537	0.83987415	0.7961166	0.8210202	0.0	0.85105854	0.9182382	0.7830094	0.708886	0.88112116	0.8949844	0.64664984	0.76694715	0.66593957	0.8940468	0.6303792	0.76833236	0.86980075	0.8632106	0.8814531	0.7130885	0.7319504
dreun/noun	0.88375854	0.8702278	0.8968205	0.91331154	0.848763	0.85811204	0.852484	0.8289106	0.84684837	0.8338344	0.8735364	0.8241286	0.74898326	0.91037804	0.9040369	0.8279187	0.7653991	0.90069854	0.8651165	0.84199005	0.882745	0.8611599	0.8444426	0.8558776	0.9199629	0.88098997	0.8667351	0.85011184	0.87561536	0.77731764	0.9049873	0.8912378	0.8006448	0.86494726	0.91784585	0.80648565	0.8616151	0.8732594	0.91996396	0.85394573	0.87177396	0.9229833	0.81290805	0.8954953	0.8941073	0.8564622	0.8386433	0.8793433	0.9128006	0.8140517	0.9088119	0.8642024	0.87420464	0.82458156	0.8713978	0.83629453	0.8596741	0.8792894	0.8695619	0.9170084	0.87769353	0.85886616	0.81386906	0.8371568	0.8705126	0.85105854	0.0	0.89674765	0.85394233	0.8335061	0.9030683	0.8875982	0.8967152	0.8782505	0.9132621	0.55199766	0.8465356	0.8491087	0.79703754	0.85140496	0.829944	0.87621045	0.84258044
Ahmet/name	0.9369436	0.9515123	0.91525483	0.9459206	0.92868954	0.9183857	0.8984264	0.9347997	0.9325207	0.9336719	0.9342381	0.92632353	0.931666	0.9175294	0.93701774	0.9185684	0.89194417	0.9296744	0.9443325	0.9040999	0.9450779	0.9071716	0.9408895	0.9510858	0.9309871	0.96360254	0.94460636	0.9447369	0.94998693	0.9368818	0.9143457	0.90400875	0.94515586	0.9249893	0.9430449	0.8452748	0.91155404	0.9493881	0.93735653	0.94267064	0.9366522	0.9337886	0.9427072	0.91892254	0.9448344	0.92850196	0.9036946	0.9183033	0.9576292	0.91464996	0.90219474	0.9092907	0.9368816	0.9307482	0.9310534	0.8950505	0.92102146	0.9170875	0.9150008	0.93803436	0.9137217	0.9454389	0.9181203	0.90157515	0.8564426	0.9182382	0.89674765	0.0	0.80682564	0.9377439	0.9129087	0.963243	0.9378154	0.92484945	0.95876175	0.9227933	0.8699959	0.93779147	0.9271988	0.89463973	0.937078	0.91140175	0.9239755
ze/pron	0.7574317	0.7985998	0.83609396	0.86079353	0.79511964	0.7727597	0.6427799	0.7963079	0.7864579	0.7904958	0.70563483	0.8402942	0.78980243	0.86268103	0.7668828	0.74038243	0.78887653	0.84333783	0.8326708	0.6066388	0.84933144	0.82931364	0.76729363	0.8080246	0.77156866	0.82391644	0.81428254	0.7392456	0.73119366	0.831623	0.74132	0.8172512	0.77248704	0.7856478	0.8873974	0.6519939	0.8964309	0.8283617	0.8571882	0.8446736	0.91073984	0.86931455	0.8898729	0.8325989	0.8573159	0.7147962	0.7365762	0.90961725	0.8928093	0.6750949	0.7983309	0.61182714	0.8665515	0.8214373	0.74115086	0.7684941	0.8769868	0.8287905	0.75593174	0.88016087	0.707515	0.8172374	0.83874476	0.72568166	0.32746673	0.7830094	0.85394233	0.80682564	0.0	0.7833694	0.770632	0.8745086	0.83945614	0.8018989	0.77770936	0.8342498	0.6262277	0.76029974	0.7290719	0.74549323	0.85243934	0.7346952	0.74448293
ritme/noun	0.8655113	0.8112712	0.8276553	0.8829998	0.85489345	0.7248057	0.7489458	0.4403059	0.6013882	0.79609394	0.8607292	0.84421885	0.8268738	0.7610974	0.8891694	0.74500155	0.8500329	0.8524829	0.6480142	0.75307155	0.8131271	0.84655166	0.78875256	0.77252203	0.8538245	0.8415039	0.654004	0.808058	0.8273189	0.8885521	0.8679953	0.85049385	0.56091064	0.7905525	0.7850127	0.62814075	0.91774297	0.81549597	0.8438004	0.80975354	0.9301806	0.8530115	0.91396207	0.7852302	0.67898273	0.8089738	0.84959304	0.94037616	0.89799476	0.68126345	0.8588424	0.75035876	0.90725935	0.7963651	0.7869078	0.85746545	0.80574703	0.88682556	0.84355974	0.8499895	0.79471266	0.8598412	0.8485701	0.82814586	0.80936044	0.708886	0.8335061	0.9377439	0.7833694	0.0	0.8746684	0.83718896	0.7447151	0.8201937	0.7701959	0.91190755	0.74666905	0.7475227	0.85196173	0.87535524	0.86943495	0.6744697	0.73787117
oog_DIM/noun	0.8467836	0.8340653	0.9174162	0.90856594	0.9116999	0.86865747	0.87710243	0.86159	0.8699369	0.8682467	0.8458466	0.8654721	0.8698653	0.9036219	0.8851965	0.8587604	0.9159798	0.9102671	0.8858029	0.8611709	0.88383406	0.8900638	0.86783975	0.8553741	0.8997805	0.91029525	0.8266338	0.76326084	0.75308955	0.91818273	0.8793302	0.8995295	0.85680777	0.8228107	0.935456	0.75630635	0.9428365	0.8578584	0.9063616	0.90994394	0.9654348	0.90675545	0.9148508	0.90219724	0.908338	0.86228144	0.9122288	0.91133696	0.94933325	0.83184075	0.88817394	0.83764935	0.91814196	0.852645	0.8791742	0.8246627	0.92552555	0.9091718	0.67375004	0.9175485	0.7506577	0.89846736	0.8831406	0.89283687	0.85516965	0.88112116	0.9030683	0.9129087	0.770632	0.8746684	0.0	0.9453346	0.88835275	0.820603	0.9057158	0.9049899	0.84465635	0.9034949	0.88687986	0.8898999	0.90697926	0.83783674	0.87735015
lethargie/noun	0.915376	0.9221093	0.8612177	0.9273031	0.8681041	0.8708003	0.85049915	0.837469	0.86796665	0.88597906	0.93835247	0.9286692	0.8914982	0.9131936	0.94392616	0.8853412	0.82547736	0.92983073	0.8542768	0.9072814	0.9180771	0.91759056	0.84107316	0.9241813	0.91128474	0.91831005	0.90658545	0.9351585	0.93725044	0.9231125	0.948967	0.8624086	0.87118447	0.93237156	0.9272971	0.8689472	0.93994653	0.9331338	0.846838	0.8579399	0.90888554	0.9502256	0.9619914	0.86819816	0.89485437	0.8814752	0.8261261	0.9484934	0.8876685	0.9071458	0.9377476	0.9102826	0.9276084	0.9112158	0.92980516	0.9321607	0.9555866	0.9022851	0.9218951	0.9576409	0.906596	0.94394004	0.913105	0.8354548	0.90212303	0.8949844	0.8875982	0.963243	0.8745086	0.83718896	0.9453346	0.0	0.8864628	0.9221709	0.880941	0.89990884	0.87372494	0.83506703	0.8626167	0.83232766	0.93325925	0.8869443	0.86592954
variant/noun	0.78992677	0.77556586	0.8568052	0.8757169	0.84654427	0.67518264	0.79441315	0.6779007	0.6898691	0.8458942	0.84369123	0.8699906	0.8997511	0.7889106	0.8375317	0.78142786	0.8827702	0.86575	0.78158236	0.74019784	0.8304399	0.80461544	0.8109689	0.7872203	0.8685558	0.8647219	0.6967659	0.77780044	0.81737936	0.91199815	0.8270467	0.873844	0.7440337	0.7830262	0.85762787	0.6682321	0.93200403	0.77509755	0.90495896	0.8612398	0.91766584	0.85980594	0.9482621	0.80258834	0.76734537	0.83548635	0.8504141	0.88525057	0.9138883	0.7428155	0.75810987	0.8103231	0.9254921	0.81103146	0.7773883	0.87759995	0.8931381	0.8561232	0.85156775	0.83924985	0.7846434	0.88126904	0.84702265	0.8575913	0.91195166	0.64664984	0.8967152	0.9378154	0.83945614	0.7447151	0.88835275	0.8864628	0.0	0.77277756	0.766139	0.9288364	0.75269806	0.85427785	0.9119853	0.89309376	0.92074746	0.75209296	0.7610735
zwart/noun	0.8131815	0.73186266	0.86960304	0.89925	0.9050779	0.7679262	0.81487584	0.77915	0.7908435	0.85893315	0.72040224	0.7196102	0.8601123	0.86559695	0.83270794	0.81482375	0.8663588	0.85291535	0.8258902	0.8374362	0.82861775	0.83668417	0.8204503	0.81093043	0.8646847	0.8840471	0.5331241	0.71593654	0.66786504	0.8938713	0.7846891	0.8939681	0.79724646	0.6824162	0.8984531	0.66141415	0.90672296	0.7468751	0.8990431	0.8856558	0.9492575	0.8655284	0.91157377	0.85356396	0.8479818	0.87973917	0.8566393	0.9043167	0.8953261	0.79195166	0.84518397	0.8323	0.9000259	0.78053516	0.84039676	0.84451824	0.907192	0.8909935	0.76502645	0.86514866	0.77068114	0.88508296	0.9011375	0.8535199	0.8773222	0.76694715	0.8782505	0.92484945	0.8018989	0.8201937	0.820603	0.9221709	0.77277756	0.0	0.82644874	0.9283504	0.79949063	0.87903124	0.8934152	0.87860465	0.87742704	0.8290656	0.7948451
werkelijkheid/noun	0.89139473	0.8169451	0.83176947	0.8892628	0.7825968	0.6669601	0.6793237	0.70671856	0.7731146	0.8136184	0.89999574	0.8782862	0.88661957	0.8231627	0.8769499	0.7009038	0.82069147	0.8389541	0.7785822	0.70488906	0.8648743	0.8161068	0.7062123	0.7609823	0.789461	0.8602197	0.7522343	0.7994714	0.86608016	0.9356221	0.83914596	0.85974586	0.7494345	0.81160676	0.8928333	0.7459097	0.9263945	0.8645919	0.8682542	0.8362509	0.9246837	0.8935665	0.9613118	0.8112689	0.7490927	0.80278987	0.7358503	0.9296492	0.92348945	0.78134704	0.83327675	0.79123	0.9093713	0.81248647	0.80738807	0.88720655	0.90731865	0.83316875	0.8154466	0.91499454	0.7546253	0.8761897	0.8413948	0.75975907	0.85113025	0.66593957	0.9132621	0.95876175	0.77770936	0.7701959	0.9057158	0.880941	0.766139	0.82644874	0.0	0.92552704	0.6891158	0.7519735	0.8544979	0.83466744	0.93942285	0.81850713	0.777759
klap/noun	0.9001635	0.9058161	0.9159085	0.9479003	0.85633403	0.9037247	0.8492446	0.919145	0.91398776	0.8904048	0.8998248	0.84991616	0.6428101	0.93109787	0.9137051	0.8592951	0.7868475	0.92210746	0.9447244	0.88873035	0.88913786	0.873572	0.86883837	0.87305534	0.92889076	0.8907823	0.9350182	0.8695392	0.8887265	0.82804143	0.9106793	0.8962378	0.8766291	0.8810951	0.9441346	0.8092758	0.87559426	0.9046456	0.9200667	0.90260035	0.8509305	0.90847147	0.70510733	0.92299634	0.9480243	0.9173432	0.82600814	0.89095145	0.93231404	0.88638604	0.92604953	0.9061157	0.7827331	0.86270666	0.88946354	0.7896271	0.8879534	0.8684879	0.9015661	0.93952405	0.88994545	0.8583674	0.7289315	0.8408831	0.9037746	0.8940468	0.55199766	0.9227933	0.8342498	0.91190755	0.9049899	0.89990884	0.9288364	0.9283504	0.92552704	0.0	0.84375286	0.9130859	0.77081406	0.8397522	0.77202046	0.91961753	0.87509346
dikwijls/adj	0.83255905	0.7931738	0.8107151	0.84498656	0.7460884	0.59509814	0.6479465	0.7159522	0.75228214	0.76482695	0.8123017	0.8387561	0.8187963	0.7934015	0.7846687	0.6663336	0.74771416	0.83647305	0.7532221	0.6784779	0.81204355	0.7599344	0.7467796	0.78250957	0.7207147	0.8034601	0.7622342	0.79009557	0.82672924	0.88737524	0.81128466	0.783998	0.72864634	0.7632108	0.8640696	0.5857686	0.89147174	0.8227192	0.8296083	0.7853539	0.87094665	0.8455719	0.88599634	0.743088	0.7359583	0.7537486	0.6816821	0.90616417	0.8936755	0.6757096	0.79303855	0.67016184	0.85951227	0.8235046	0.6790717	0.8094373	0.89362305	0.8054832	0.79346514	0.84326404	0.7448029	0.8252604	0.7878492	0.7021095	0.6963316	0.6303792	0.8465356	0.8699959	0.6262277	0.74666905	0.84465635	0.87372494	0.75269806	0.79949063	0.6891158	0.84375286	0.0	0.7343087	0.7521969	0.7362638	0.8584645	0.7324474	0.73061657
gevoel/noun	0.88948756	0.8421024	0.68448466	0.9133809	0.7423179	0.70072347	0.70758915	0.68813884	0.7022705	0.68113387	0.8954732	0.9026036	0.87416387	0.882865	0.9085035	0.7331475	0.6239641	0.8408216	0.58733547	0.73856974	0.91005516	0.8766167	0.6758615	0.86195254	0.8134591	0.7975276	0.78593695	0.8471904	0.8917566	0.92564076	0.9016267	0.7771988	0.70873356	0.88067794	0.86281884	0.72504276	0.9135988	0.9142909	0.7383254	0.70722103	0.93228394	0.93242884	0.95287097	0.83593136	0.806482	0.7959012	0.7268834	0.9052342	0.9426437	0.7757249	0.903187	0.7185552	0.94955677	0.78128487	0.8444654	0.8765692	0.88480306	0.87885976	0.82313025	0.92676556	0.76114726	0.8984811	0.8602183	0.5337603	0.75374687	0.76833236	0.8491087	0.93779147	0.76029974	0.7475227	0.9034949	0.83506703	0.85427785	0.87903124	0.7519735	0.9130859	0.7343087	0.0	0.6707446	0.82382536	0.93521124	0.76866114	0.71201634
pijn/noun	0.8845919	0.8810915	0.75726366	0.9587623	0.62261105	0.834895	0.7787291	0.86091304	0.8849971	0.7823788	0.8962195	0.9009313	0.8202845	0.9177733	0.93167895	0.7976389	0.64034915	0.89564604	0.86621386	0.817626	0.90451133	0.8805884	0.7193686	0.88068223	0.87509346	0.8922279	0.8925421	0.7373973	0.7990384	0.8470633	0.9287403	0.8094608	0.850896	0.8855012	0.9227557	0.7564453	0.94534224	0.90833884	0.82084733	0.87584186	0.854496	0.9076465	0.8855439	0.8791251	0.9194251	0.86881006	0.5939736	0.9264531	0.91966504	0.8286177	0.938565	0.79556936	0.9316854	0.8431064	0.83099616	0.8591385	0.914579	0.894111	0.78571385	0.93498135	0.83606106	0.8958963	0.8346171	0.52416384	0.72704536	0.86980075	0.79703754	0.9271988	0.7290719	0.85196173	0.88687986	0.8626167	0.9119853	0.8934152	0.8544979	0.77081406	0.7521969	0.6707446	0.0	0.69594216	0.9006577	0.86958444	0.79790986
miserie/noun	0.8753144	0.84537435	0.8506086	0.89784604	0.72935164	0.83327603	0.80215895	0.8459411	0.8875845	0.8350493	0.880419	0.84683096	0.85811865	0.8887826	0.8838136	0.82387817	0.72897804	0.88855606	0.8632454	0.83119464	0.8796009	0.8321429	0.7903545	0.8577952	0.86224365	0.89603895	0.89029104	0.83812255	0.85712564	0.8940497	0.88943195	0.84572285	0.84562033	0.8564368	0.91601646	0.7786974	0.94454414	0.90723	0.8530247	0.89861834	0.78102225	0.92033726	0.9102976	0.8657841	0.88536435	0.8677573	0.46661615	0.9141994	0.93362945	0.8214071	0.89877677	0.7845189	0.87433445	0.8388348	0.84163696	0.8643053	0.909448	0.8860982	0.85559165	0.9174128	0.84610474	0.9143441	0.8350329	0.68410814	0.790013	0.8632106	0.85140496	0.89463973	0.74549323	0.87535524	0.8898999	0.83232766	0.89309376	0.87860465	0.83466744	0.8397522	0.7362638	0.82382536	0.69594216	0.0	0.9170322	0.85839367	0.83499515
schot/noun	0.8819317	0.9156256	0.9352018	0.93864363	0.9405173	0.904536	0.8815889	0.91289556	0.9148901	0.8789021	0.8800227	0.8445895	0.5216683	0.9351187	0.93306506	0.8846149	0.8937133	0.9396346	0.94687396	0.8762322	0.8935703	0.9066571	0.9101947	0.8832383	0.9132569	0.90804094	0.921167	0.8841387	0.88369477	0.8929181	0.9183159	0.8976573	0.8626805	0.8903168	0.945503	0.83679956	0.8374851	0.9109136	0.92618394	0.92049915	0.9254974	0.91124153	0.81944287	0.92653596	0.9333267	0.8972054	0.9214377	0.918669	0.90928066	0.876375	0.9228456	0.89435756	0.8371236	0.89751697	0.87791604	0.5820784	0.9276063	0.7452554	0.8805162	0.91489303	0.85665524	0.87458825	0.83057046	0.9270697	0.9049319	0.8814531	0.829944	0.937078	0.85243934	0.86943495	0.90697926	0.93325925	0.92074746	0.87742704	0.93942285	0.77202046	0.8584645	0.93521124	0.9006577	0.9170322	0.0	0.87862134	0.8631802
heerlijk/adj	0.74367404	0.69178367	0.8314473	0.8547734	0.87376726	0.75352657	0.80308056	0.65222037	0.6940238	0.7810649	0.7959991	0.85277987	0.8138002	0.81200904	0.8952485	0.7771653	0.84364784	0.8330015	0.6689992	0.7470699	0.8182949	0.819795	0.79128814	0.79586405	0.89681727	0.93967956	0.6684175	0.75878346	0.7805786	0.88602674	0.84120333	0.8689564	0.7035933	0.7495676	0.8342573	0.56681216	0.9614372	0.80539095	0.8806476	0.8456602	0.92053926	0.85357714	0.93555003	0.86936104	0.7416118	0.834504	0.84324145	0.945191	0.92626953	0.66563237	0.82432914	0.67897177	0.9025712	0.787472	0.79153347	0.79560184	0.8862625	0.9374242	0.8375782	0.8550662	0.70615983	0.8654772	0.8823073	0.8040459	0.75125617	0.7130885	0.87621045	0.91140175	0.7346952	0.6744697	0.83783674	0.8869443	0.75209296	0.8290656	0.81850713	0.91961753	0.7324474	0.76866114	0.86958444	0.85839367	0.87862134	0.0	0.7972843
kreet/noun	0.8502364	0.838606	0.777051	0.8773556	0.796211	0.70821667	0.7509802	0.6562279	0.6866895	0.7200544	0.8417971	0.84796476	0.7658489	0.8030891	0.86375093	0.7455256	0.742219	0.8362919	0.7793591	0.7566613	0.86119163	0.83744144	0.7198744	0.8300087	0.83290064	0.8032026	0.7631715	0.80704373	0.8060619	0.8947924	0.8706044	0.75137985	0.6633842	0.8012535	0.88217896	0.6901376	0.9392183	0.8652065	0.8570246	0.83231735	0.9448413	0.8514682	0.93142366	0.8080895	0.77801734	0.8012661	0.78040236	0.91540575	0.92881626	0.7720837	0.8084446	0.763614	0.90776813	0.8249994	0.82447034	0.8080443	0.85276574	0.83788925	0.77416086	0.8537138	0.70915693	0.8549252	0.77980196	0.6958125	0.8269128	0.7319504	0.84258044	0.9239755	0.74448293	0.73787117	0.87735015	0.86592954	0.7610735	0.7948451	0.777759	0.87509346	0.73061657	0.71201634	0.79790986	0.83499515	0.8631802	0.7972843	0.0
